SiteCode,TPG,Power Fees,Area,Host,Vfcode,Sharing Status,PowerSource,Year Target,CG Date,ON-AIR,Counting date
0600DE,GF,GF,DE,VF,4531,VF ON AIR,VF Commercial,2008,1-Jun-09,9-Jul-08,1-Jun-09
3221DE,GF,GF,DE,VF,4649,VF ON AIR,EC owner,2009,18-Jun-09,30-Jun-09,1-Jul-09
3291DE,GF,GF,DE,VF,4379,VF ON AIR,MN Commercial,2010,11-Nov-09,31-Mar-10,1-Apr-10
0763UP,GF,GF,UP,VF,3833,VF ON AIR,VF Commercial,2010,22-Sep-10,16-Dec-10,1-Oct-10
0445SI,GF,GF,SI,VF,5174,VF ON AIR,VF Commercial,2012,26-Dec-11,30-Jun-12,1-Feb-12
3530UP,GF,GF,UP,VF,6456,VF ON AIR,VF Commercial,2012,28-Aug-12,21-Nov-12,1-Oct-12
3650CA,GF,GF,CA,VF,K3808,VF ON AIR,VF EC,2011,25-Dec-11,31-Dec-11,1-Jan-12
3818CA,GF,GF,CA,VF,K5404,VF ON AIR,VF EC,2014,17-Mar-14,9-Jun-14,1-Apr-14
0918DE,GF,GF,DE,VF,5708,VF ON AIR,VF commercial,2008,1-Jun-09,26-Jul-08,1-Jun-09
0920DE,GF,GF,DE,VF,D3936,VF ON AIR,VF Commercial,2008,1-Jun-09,29-Jul-08,1-Jun-09
0301RE,GF,GF,RE,VF,4202,VF ON AIR,Vodafone generator,2008,1-Jun-09,29-Jul-08,1-Jun-09
0074SI,GF,GF,SI,VF,4208,VF ON AIR,VF Commercial,2008,1-Jun-09,18-Aug-08,1-Jun-09
3055DE,GF,GF,DE,VF,4929,VF ON AIR,VF commercial,2008,1-Jun-09,30-Sep-08,1-Jun-09
3008DE,GF,GF,DE,VF,5559,VF ON AIR,MN 27 KVA,2008,1-Jun-09,12-Aug-08,1-Jun-09
0587DE,GF,GF,DE,VF,4563,VF ON AIR,VF Commercial,2008,1-Jun-09,23-Sep-08,1-Jun-09
0786DE,GF,GF,DE,VF,4700,VF ON AIR,VF Commercial,2008,1-Jun-09,21-Sep-08,1-Jun-09
3074DE,GF,GF,DE,VF,4984,VF ON AIR,MN 27 KVA,2008,1-Jun-09,30-Sep-08,1-Jun-09
3075DE,GF,GF,DE,VF,5580,VF ON AIR,MN 27 KVA,2008,1-Jun-09,30-Sep-08,1-Jun-09
3076DE,GF,GF,DE,VF,5777,VF ON AIR,VF Commercial,2008,1-Jun-09,31-Oct-08,1-Jun-09
0710DE,GF,GF,DE,VF,4587,VF ON AIR,VF Commercial,2008,1-Jun-09,31-Oct-08,1-Jun-09
3073DE,GF,GF,DE,VF,5628,VF ON AIR,MN 27 KVA,2008,1-Jun-09,31-Oct-08,1-Jun-09
0198SI,GF,GF,SI,VF,9013,VF ON AIR,MN Solar,2008,1-Jun-09,30-Oct-08,1-Jun-09
7082SI,GF,GF,SI,VF,5282,VF ON AIR,MN 27 KVA,2008,1-Jun-09,30-Oct-08,1-Jun-09
0781UP,GF,GF,UP,VF,3401,VF ON AIR,MN Solar,2008,1-Jun-09,19-Oct-08,1-Jun-09
0785UP,GF,GF,UP,VF,3405,VF ON AIR,MN Solar,2008,1-Jun-09,31-Oct-08,1-Jun-09
0786UP,GF,GF,UP,VF,3406,VF ON AIR,MN Solar,2008,1-Jun-09,31-Oct-08,1-Jun-09
0787UP,GF,GF,UP,VF,3407,VF ON AIR,MN Solar,2008,1-Jun-09,31-Oct-08,1-Jun-09
0788UP,GF,GF,UP,VF,3408,VF ON AIR,MN Solar,2008,1-Jun-09,28-Oct-08,1-Jun-09
0789UP,GF,GF,UP,VF,3409,VF ON AIR,MN Solar,2008,1-Jun-09,30-Oct-08,1-Jun-09
0790UP,GF,GF,UP,VF,3410,VF ON AIR,MN Solar,2008,1-Jun-09,31-Oct-08,1-Jun-09
0791UP,GF,GF,UP,VF,3411,VF ON AIR,MN Solar,2008,1-Jun-09,31-Oct-08,1-Jun-09
0792UP,GF,GF,UP,VF,3412,VF ON AIR,MN Solar,2008,1-Jun-09,31-Oct-08,1-Jun-09
0793UP,GF,GF,UP,VF,3413,VF ON AIR,MN Solar,2008,1-Jun-09,30-Nov-08,1-Jun-09
0794UP,GF,GF,UP,VF,3414,VF ON AIR,MN Solar,2008,1-Jun-09,29-Nov-08,1-Jun-09
0795UP,GF,GF,UP,VF,3428,VF ON AIR,MN Solar,2008,1-Jun-09,29-Nov-08,1-Jun-09
0796UP,GF,GF,UP,VF,3415,VF ON AIR,MN Solar,2008,1-Jun-09,27-Nov-08,1-Jun-09
0797UP,GF,GF,UP,VF,3416,VF ON AIR,MN Solar,2008,1-Jun-09,27-Nov-08,1-Jun-09
0802UP,GF,GF,UP,VF,3417,VF ON AIR,MN Solar,2009,1-Jun-09,28-Feb-09,1-Jun-09
0798UP,GF,GF,UP,VF,3418,VF ON AIR,MN Solar,2008,1-Jun-09,27-Nov-08,1-Jun-09
0799UP,GF,GF,UP,VF,3419,VF ON AIR,MN Solar,2008,1-Jun-09,27-Nov-08,1-Jun-09
0801UP,GF,GF,UP,VF,3421,VF ON AIR,MN Solar,2008,1-Jun-09,27-Nov-08,1-Jun-09
0803UP,GF,GF,UP,VF,3429,VF ON AIR,MN 27 KVA,2008,1-Jun-09,27-Nov-08,1-Jun-09
0780UP,GF,GF,UP,VF,6406,VF ON AIR,VF Commercial,2008,1-Jun-09,30-Nov-08,1-Jun-09
3081DE,GF,GF,DE,VF,5744,VF ON AIR,VF Commercial,2008,1-Jun-09,30-Dec-08,1-Jun-09
0605UP,GF,GF,UP,VF,6400,VF ON AIR,VF Commercial,2008,1-Jun-09,31-Dec-08,1-Jun-09
0652UP,GF,GF,UP,VF,3576,VF ON AIR,VF Commercial,2009,1-Jun-09,31-Jan-09,1-Jun-09
3100DE,GF,GF,DE,VF,1887,VF ON AIR,MN 27 KVA,2009,1-Jun-09,31-Jan-09,1-Jun-09
0620UP,GF,GF,UP,VF,4412,VF ON AIR,VF 50 KVA,2009,1-Jun-09,21-Feb-09,1-Jun-09
0674DE,GF,GF,DE,VF,5703,VF ON AIR,VF Commercial,2009,1-Jun-09,15-Feb-09,1-Jun-09
0574UP,GF,GF,UP,VF,U4410,VF ON AIR,VF Commercial,2009,1-Jun-09,26-Feb-09,1-Jun-09
3086DE,GF,GF,DE,VF,5650,VF ON AIR,MN 27 KVA,2009,1-Jun-09,28-Feb-09,1-Jun-09
3110DE,GF,GF,DE,VF,5719,VF ON AIR,MN 27 KVA,2009,1-Jun-09,28-Feb-09,1-Jun-09
0496UP,GF,GF,UP,VF,4188,VF ON AIR,VF Commercial,2009,1-Jun-09,31-Mar-09,1-Jun-09
3148DE,GF,GF,DE,VF,4979,VF ON AIR,VF Commercial,2009,1-Jun-09,31-Mar-09,1-Jun-09
3105DE,GF,GF,DE,VF,5530,VF ON AIR,VF Commercial,2009,1-Jun-09,29-Mar-09,1-Jun-09
0863UP,GF,GF,UP,VF,3737,VF ON AIR,VF Commercial,2009,1-Jun-09,28-Apr-09,1-Jun-09
3149DE,GF,GF,DE,VF,4539,VF ON AIR,VF Commercial,2009,1-Jun-09,31-Mar-09,1-Jun-09
3109DE,GF,GF,DE,VF,6346,VF ON AIR,VF Commercial,2009,1-Jun-09,8-Jun-09,1-Jun-09
3125DE,GF,GF,DE,VF,D3012,VF ON AIR,VF Commercial,2009,1-Jun-09,16-Apr-09,1-Jun-09
0877UP,GF,GF,UP,VF,3719,VF ON AIR,VF Commercial,2009,1-Jun-09,25-Apr-09,1-Jun-09
0613AL,GF,GF,AL,VF,2233,VF ON AIR,VF Commercial,2009,1-Jun-09,30-Apr-09,1-Jun-09
3157DE,GF,GF,DE,VF,5627,VF ON AIR,VF Commercial,2009,1-Jun-09,30-Apr-09,1-Jun-09
0916UP,GF,GF,UP,VF,1646,VF ON AIR,MN 27 KVA,2009,1-Jun-09,19-May-09,1-Jun-09
3182DE,GF,GF,DE,VF,6353,VF ON AIR,MN 27 KVA,2009,1-Jun-09,25-May-09,1-Jun-09
0922UP,GF,GF,UP,VF,3881,VF ON AIR,VF Commercial,2009,1-Jun-09,4-Jun-09,1-Jun-09
3226DE,GF,GF,DE,VF,D3114,VF ON AIR,VF commercial,2009,1-Jun-09,28-May-09,1-Jun-09
0459SI,GF,GF,SI,VF,5012,VF ON AIR,MN 27 KVA,2009,1-Jun-09,3-Jun-09,1-Jun-09
0927UP,GF,GF,UP,VF,3686,VF ON AIR,VF Commercial,2009,9-Jun-09,29-Jun-09,1-Jul-09
0928UP,GF,GF,UP,VF,3584,VF ON AIR,VF Commercial,2009,9-Jun-09,30-Jun-09,1-Jul-09
0925UP,GF,GF,UP,VF,3465,VF ON AIR,VF Commercial,2009,9-Jun-09,8-Jul-09,1-Jul-09
0926UP,GF,GF,UP,VF,3898,VF ON AIR,VF Commercial,2009,9-Jun-09,13-Jul-09,1-Jul-09
0878UP,GF,GF,UP,VF,6407,VF ON AIR,VF EC,2009,9-Jun-09,29-Jun-09,1-Jul-09
0959DE,GF,GF,DE,VF,5783,VF ON AIR,VF Commercial,2009,9-Jun-09,28-Jun-09,1-Jul-09
0924UP,GF,GF,UP,VF,3648,VF ON AIR,VF Commercial,2009,16-Jun-09,8-Jul-09,1-Jul-09
0939UP,GF,GF,UP,VF,U4604,VF ON AIR,VF Commercial,2009,16-Jun-09,30-Jun-09,1-Jul-09
0958UP,GF,GF,UP,VF,3880,VF ON AIR,VF Commercial,2009,22-Jun-09,19-Jul-09,1-Jul-09
0873UP,GF,GF,UP,VF,3742,VF ON AIR,VF 50 KVA,2009,22-Jun-09,16-Jul-09,1-Jul-09
3223DE,GF,GF,DE,VF,5506,VF ON AIR,VF Commercial,2009,22-Jun-09,30-Jun-09,1-Jul-09
3259DE,GF,GF,DE,VF,5584,VF ON AIR,VF 50 KVA,2009,25-Jun-09,16-Jul-09,1-Jul-09
3260DE,GF,GF,DE,VF,5755,VF ON AIR,VF Commercial,2009,25-Jun-09,16-Jul-09,1-Jul-09
3256DE,GF,GF,DE,VF,5507,VF ON AIR,VF Commercial,2009,12-Jul-09,22-Jul-09,1-Aug-09
0920UP,GF,GF,UP,VF,3741,VF ON AIR,VF Commercial,2009,12-Jul-09,31-Jul-09,1-Aug-09
3303DE,GF,GF,DE,VF,5794,VF ON AIR,MN 27 KVA,2009,15-Jul-09,31-Jul-09,1-Aug-09
3205CA,GF,GF,CA,VF,379,VF ON AIR,VF Commercial,2009,15-Jul-09,19-Aug-09,1-Feb-10
0929UP,GF,GF,UP,VF,3819,VF ON AIR,VF Commercial,2009,15-Jul-09,31-Jul-09,1-Aug-09
3219DE,GF,GF,DE,VF,6313,VF ON AIR,VF Commercial,2009,15-Jul-09,31-Jul-09,1-Aug-09
3296DE,GF,GF,DE,VF,6310,VF ON AIR,VF Commercial,2009,15-Jul-09,30-Jul-09,1-Aug-09
3332DE,GF,GF,DE,VF,4502,VF ON AIR,VF 50 KVA,2009,15-Jul-09,31-Jul-09,1-Aug-09
3330DE,GF,GF,DE,VF,D3035,VF ON AIR,VF 50 KVA,2009,15-Jul-09,2-Aug-09,1-Aug-09
3262DE,GF,GF,DE,VF,5736,VF ON AIR,VF 50 KVA,2009,15-Jul-09,31-Jul-09,1-Aug-09
0923UP,GF,GF,UP,VF,3740,VF ON AIR,VF Commercial,2009,20-Jul-09,31-Jul-09,1-Aug-09
0954UP,GF,GF,UP,VF,3836,VF ON AIR,VF Commercial,2009,20-Jul-09,31-Jul-09,1-Aug-09
0956UP,GF,GF,UP,VF,3466,VF ON AIR,VF Commercial,2009,20-Jul-09,31-Jul-09,1-Aug-09
0955UP,GF,GF,UP,VF,3778,VF ON AIR,VF Commercial,2009,24-Aug-09,23-Sep-09,1-Sep-09
3315DE,GF,GF,DE,VF,4963,VF ON AIR,VF Commercial,2009,20-Jul-09,31-Jul-09,1-Aug-09
3349DE,GF,GF,DE,VF,5614,VF ON AIR,MN 27 KVA,2009,20-Jul-09,31-Jul-09,1-Aug-09
3275DE,GF,GF,DE,VF,D3047,VF ON AIR,VF Commercial,2009,24-Aug-09,31-Aug-09,1-Sep-09
3313DE,GF,GF,DE,VF,5689,VF ON AIR,VF Commercial,2009,23-Aug-09,31-Aug-09,1-Sep-09
3322DE,GF,GF,DE,VF,5791,VF ON AIR,VF Commercial,2009,20-Aug-09,31-Aug-09,1-Sep-09
3299DE,GF,GF,DE,VF,4997,VF ON AIR,VF Commercial,2009,20-Aug-09,5-Sep-09,1-Sep-09
3323DE,GF,GF,DE,VF,5792,VF ON AIR,VF Commercial,2009,2-Aug-09,20-Aug-09,1-Sep-09
3334DE,GF,GF,DE,VF,6309,VF ON AIR,VF EC +VF GEN,2009,20-Aug-09,15-Sep-09,1-Sep-09
3314DE,GF,GF,DE,VF,4555,VF ON AIR,VF Commercial,2009,5-Aug-09,5-Oct-09,1-Sep-09
3321DE,GF,GF,DE,VF,5639,VF ON AIR,VF 50 KVA,2009,5-Aug-09,31-Aug-09,1-Sep-09
3343DE,GF,GF,DE,VF,5916,VF ON AIR,VF Commercial,2009,2-Aug-09,18-Aug-09,1-Sep-09
3307DE,GF,GF,DE,VF,5699,VF ON AIR,MN 27 KVA,2009,5-Aug-09,25-Aug-09,1-Sep-09
3293DE,GF,GF,DE,VF,4382,VF ON AIR,VF EC,2009,5-Aug-09,22-Sep-09,1-Sep-09
3301DE,GF,GF,DE,VF,4961,VF ON AIR,VF Commercial,2009,9-Sep-09,30-Oct-09,1-Oct-09
3319DE,GF,GF,DE,VF,4952,VF ON AIR,VF Commercial,2009,2-Aug-09,31-Aug-09,1-Sep-09
3263DE,GF,GF,DE,VF,5962,VF ON AIR,VF 50 KVA,2009,2-Aug-09,29-Aug-09,1-Sep-09
0962UP,GF,GF,UP,VF,3656,VF ON AIR,MN 50 KVA,2009,17-Sep-09,12-Oct-09,1-Oct-09
3298DE,GF,GF,DE,VF,4634,VF ON AIR,VF Commercial,2009,8-Sep-09,27-Sep-09,1-Oct-09
3297DE,GF,GF,DE,VF,6304,VF ON AIR,VF Commercial,2009,20-Jul-09,29-Aug-09,1-Aug-09
3337DE,GF,GF,DE,VF,4620,VF ON AIR,VF Commercial,2009,8-Sep-09,30-Sep-09,1-Oct-09
3224DE,GF,GF,DE,VF,5549,VF ON AIR,VF 50 KVA,2009,14-Sep-09,20-Oct-09,1-Oct-09
3320DE,GF,GF,DE,VF,5617,VF ON AIR,MN 27 KVA,2009,25-Aug-09,24-Sep-09,1-Sep-09
3328DE,GF,GF,DE,VF,D3228,VF ON AIR,VF commercial,2009,14-Sep-09,30-Sep-09,1-Oct-09
3342DE,GF,GF,DE,VF,5741,VF ON AIR,VF Commercial,2009,14-Sep-09,30-Sep-09,1-Oct-09
3341DE,GF,GF,DE,VF,5758,VF ON AIR,MN 27 KVA,2009,15-Oct-09,31-Oct-09,1-Nov-09
3346DE,GF,GF,DE,VF,4658,VF ON AIR,VF Commercial,2009,31-Aug-09,24-Sep-09,1-Oct-09
3345DE,GF,GF,DE,VF,4618,VF ON AIR,VF Commercial,2009,24-Aug-09,30-Oct-09,1-Sep-09
3358DE,GF,GF,DE,VF,D3099,VF ON AIR,VF Commercial,2009,21-Oct-09,31-Oct-09,1-Nov-09
3362DE,GF,GF,DE,VF,5731,VF ON AIR,VF 50 KVA,2009,8-Oct-09,30-Oct-09,1-Nov-09
3363DE,GF,GF,DE,VF,5918,VF ON AIR,VF Commercial,2009,16-Sep-09,8-Oct-09,1-Oct-09
3366DE,GF,GF,DE,VF,5922,VF ON AIR,VF Commercial,2009,16-Sep-09,13-Oct-09,1-Oct-09
3365DE,GF,GF,DE,VF,2298,VF ON AIR,VF 50 KVA,2009,12-Oct-09,27-Oct-09,1-Nov-09
3367DE,GF,GF,DE,VF,D3141,VF ON AIR,VF Commercial,2009,12-Oct-09,26-Oct-09,1-Nov-09
3352DE,GF,GF,DE,VF,6303,VF ON AIR,MN 27 KVA,2009,14-Sep-09,28-Sep-09,1-Oct-09
3353DE,GF,GF,DE,VF,5983,VF ON AIR,VF Commercial,2009,14-Sep-09,30-Sep-09,1-Oct-09
3373DE,GF,GF,DE,VF,5975,VF ON AIR,MN 27 KVA,2009,8-Oct-09,31-Oct-09,1-Nov-09
3369DE,GF,GF,DE,VF,D3176,VF ON AIR,VF Commercial,2009,17-Sep-09,30-Sep-09,1-Oct-09
3370DE,GF,GF,DE,VF,D3017,VF ON AIR,MN 50 KVA,2009,17-Sep-09,23-Oct-09,1-Oct-09
3311DE,GF,GF,DE,VF,5766,VF ON AIR,VF Commercial,2009,23-Aug-09,24-Nov-09,1-Dec-09
3295DE,GF,GF,DE,VF,5551,VF ON AIR,VF Commercial + Orange Generator,2009,7-Dec-09,28-Dec-09,1-Jan-10
3308DE,GF,GF,DE,VF,5562,VF ON AIR,VF Commercial,2009,8-Dec-09,31-Dec-09,1-Jan-10
0625AL,GF,GF,AL,VF,4383,VF ON AIR,VF 50 KVA,2009,20-Jul-09,30-Nov-09,1-Dec-09
0921UP,GF,GF,UP,VF,4189,VF ON AIR,VF Commercial,2009,11-Nov-09,1-Dec-09,1-Dec-09
3309DE,GF,GF,DE,VF,5637,VF ON AIR,VD EC + Orange Gen,2009,17-Sep-09,4-Nov-09,1-Nov-09
3300DE,GF,GF,DE,VF,5552,VF ON AIR,VF Commercial,2009,20-Sep-09,2-Nov-09,1-Oct-09
3292DE,GF,GF,DE,VF,4696,VF ON AIR,VF Commercial,2009,12-Nov-09,22-Dec-09,1-Dec-09
3331DE,GF,GF,DE,VF,4711,VF ON AIR,VF Commercial,2009,9-Nov-09,30-Dec-09,1-Dec-09
3344DE,GF,GF,DE,VF,4617,VF ON AIR,VF Commercial,2009,12-Dec-09,30-Dec-09,1-Jan-10
3333DE,GF,GF,DE,VF,4965,VF ON AIR,VF Commercial,2009,19-Oct-09,5-Nov-09,1-Nov-09
3348DE,GF,GF,DE,VF,4520,VF ON AIR,VF EC + OR DG,2009,25-Nov-09,17-Dec-09,1-Dec-09
3354DE,GF,GF,DE,VF,4673,VF ON AIR,VF Commercial,2009,12-Nov-09,30-Nov-09,1-Dec-09
3355DE,GF,GF,DE,VF,6302,VF ON AIR,VF Commercial,2009,21-Oct-09,17-Nov-09,1-Nov-09
3371DE,GF,GF,DE,VF,5801,VF ON AIR,VF Commercial,2009,21-Oct-09,16-Nov-09,1-Nov-09
3378DE,GF,GF,DE,VF,D3048,VF ON AIR,VF 50 KVA,2009,4-Nov-09,30-Nov-09,1-Dec-09
3359DE,GF,GF,DE,VF,5640,VF ON AIR,OR Generator,2009,8-Dec-09,30-Dec-09,1-Jan-10
3404DE,GF,GF,DE,VF,4631,VF ON AIR,VF Commercial,2009,24-Nov-09,16-Dec-09,1-Dec-09
3403DE,GF,GF,DE,VF,4537,VF ON AIR,VF 50 KVA,2009,24-Nov-09,24-Dec-09,1-Dec-09
3073UP,GF,GF,UP,VF,3381,VF ON AIR,VF Commercial,2009,24-Nov-09,8-Dec-09,1-Dec-09
3312DE,GF,GF,DE,VF,D3068,VF ON AIR,VF Commercial,2011,15-Nov-11,13-Dec-11,1-Dec-11
3446CA,GF,GF,CA,VF,1685,VF ON AIR,VF Commercial,2010,21-Apr-10,29-May-10,1-Jun-10
3361DE,GF,GF,DE,VF,D3101,VF ON AIR,VF Commercial,2010,9-Nov-09,11-Jan-10,1-Jan-10
3069UP,GF,GF,UP,VF,6415,VF ON AIR,VF Commercial,2009,24-Nov-09,27-Dec-09,1-Jan-10
3289DE,GF,GF,DE,VF,4393,VF ON AIR,VF commercial,2010,20-May-10,22-Jun-10,1-Jun-10
3401DE,GF,GF,DE,VF,4381,VF ON AIR,VF Commercial,2011,3-Mar-11,30-Apr-11,1-Apr-11
3360DE,GF,GF,DE,VF,4699,VF ON AIR,VF Commercial,2010,30-Mar-10,30-Apr-10,1-May-10
3400DE,GF,GF,DE,VF,4573,VF ON AIR,VF Commercial,2010,21-Feb-10,2-Mar-10,1-Mar-10
3028UP,GF,GF,UP,VF,U3944,VF ON AIR,VF Commercial,2010,7-Feb-10,26-Feb-10,1-Mar-10
3031UP,GF,GF,UP,VF,3738,VF ON AIR,VF Commercial,2010,13-Apr-10,30-Apr-10,1-May-10
3035UP,GF,GF,UP,VF,U3909,VF ON AIR,VF Commercial,2010,10-Feb-10,28-Feb-10,1-Mar-10
3038UP,GF,GF,UP,VF,3726,VF ON AIR,MN 27 KVA,2010,16-Mar-10,31-Mar-10,1-Apr-10
3054UP,GF,GF,UP,VF,3860,VF ON AIR,VF Commercial,2010,21-Apr-10,30-Apr-10,1-May-10
3053UP,GF,GF,UP,VF,6441,VF ON AIR,VF Commercial,2010,14-Jan-10,31-Jan-10,1-Feb-10
3047UP,GF,GF,UP,VF,3766,VF ON AIR,VF Commercial,2010,10-Feb-10,8-Mar-10,1-Mar-10
3044UP,GF,GF,UP,VF,U4495,VF ON AIR,VF Commercial,2010,21-Feb-10,21-Mar-10,1-Mar-10
3063UP,GF,GF,UP,VF,3687,VF ON AIR,VF Commercial,2010,21-Feb-10,25-Mar-10,1-Mar-10
3064UP,GF,GF,UP,VF,3481,VF ON AIR,VF 50 KVA,2010,3-Feb-10,28-Feb-10,1-Mar-10
3080UP,GF,GF,UP,VF,3679,VF ON AIR,VF Commercial,2010,15-Mar-10,31-Mar-10,1-Apr-10
3077UP,GF,GF,UP,VF,3375,VF ON AIR,VF Commercial,2010,7-Feb-10,28-Feb-10,1-Mar-10
3439CA,GF,GF,CA,VF,243,VF ON AIR,VF Commercial,2010,30-Jun-10,30-Jul-10,1-Aug-10
3317CA,GF,GF,CA,VF,4114,VF ON AIR,VF 50 KVA,2010,16-Dec-09,31-Jan-10,1-Feb-10
0678DE,GF,GF,DE,VF,4501,VF ON AIR,VF Commercial,2010,21-Jan-10,31-Jan-10,1-Feb-10
3394DE,GF,GF,DE,VF,5528,VF ON AIR,VF Commercial,2009,22-Dec-09,31-Dec-09,1-Jan-10
0742UP,GF,GF,UP,VF,755,VF ON AIR,VF Commercial,2010,7-Feb-10,31-Mar-10,1-Apr-10
3030UP,GF,GF,UP,VF,U3946,VF ON AIR,VF Commercial,2010,8-Sep-10,30-Sep-10,1-Oct-10
3029UP,GF,GF,UP,VF,U3943,VF ON AIR,MN 27 KVA,2009,16-Dec-09,31-Dec-09,1-Jan-10
3036UP,GF,GF,UP,VF,U3912,VF ON AIR,VF Commercial,2010,21-Jan-10,26-Feb-10,1-Feb-10
3041UP,GF,GF,UP,VF,3873,VF ON AIR,VF Commercial + Orange Generator,2010,21-Jan-10,28-Feb-10,1-Feb-10
3040UP,GF,GF,UP,VF,3849,VF ON AIR,VF Commercial,2010,21-Jan-10,28-Feb-10,1-Feb-10
3045UP,GF,GF,UP,VF,U4496,VF ON AIR,VF Commercial,2009,14-Dec-09,31-Dec-09,1-Jan-10
3050UP,GF,GF,UP,VF,3266,VF ON AIR,VF commercial,2010,14-Jan-10,16-Feb-10,1-Feb-10
3051UP,GF,GF,UP,VF,3772,VF ON AIR,VF Commercial,2009,16-Dec-09,31-Dec-09,1-Jan-10
3075UP,GF,GF,UP,VF,3837,VF ON AIR,VF 50 KVA,2010,14-Jan-10,21-Feb-10,1-Feb-10
3065UP,GF,GF,UP,VF,U3988,VF ON AIR,VF Commercial,2010,16-Dec-09,6-Jan-10,1-Jan-10
3070UP,GF,GF,UP,VF,6416,VF ON AIR,VF Commercial,2010,14-Jan-10,31-Jan-10,1-Feb-10
3267DE,GF,GF,DE,VF,4633,VF ON AIR,1* VF 27 KVA,2012,25-Jul-12,31-Oct-12,1-Aug-12
3327DE,GF,GF,DE,VF,5641,VF ON AIR,VF Commercial,2010,19-May-10,31-May-10,1-Jun-10
3368DE,GF,GF,DE,VF,4992,VF ON AIR,VF Commercial,2010,9-May-10,25-May-10,1-Jun-10
3351DE,GF,GF,DE,VF,4619,VF ON AIR,VF Commercial,2010,22-Sep-10,28-Oct-10,1-Oct-10
3372DE,GF,GF,DE,VF,5775,VF ON AIR,VF Commercial,2010,17-May-10,31-May-10,1-Jun-10
3399DE,GF,GF,DE,VF,5698,VF ON AIR,VD EC + Orange Gen,2010,10-May-10,25-May-10,1-Jun-10
3393DE,GF,GF,DE,VF,D3122,VF ON AIR,VF 50 KVA,2010,26-Jun-10,20-Jul-10,1-Aug-10
0642AL,GF,GF,AL,VF,4474,VF ON AIR,MN 27 KVA,2010,18-Apr-10,30-Apr-10,1-May-10
3407DE,GF,GF,DE,VF,5728,VF ON AIR,VF 50 KVA,2010,24-May-10,30-Jun-10,1-Jun-10
3406DE,GF,GF,DE,VF,5952,VF ON AIR,MN 27 KVA,2010,17-May-10,8-Jun-10,1-Jun-10
0466UP,GF,GF,CA,VF,4269,VF ON AIR,VF Commercial,2010,11-Aug-10,31-Oct-10,1-Sep-10
0985UP,GF,GF,UP,VF,3876,VF ON AIR,VF Commercial,2010,20-Jun-10,11-Jul-10,1-Jul-10
0170CA,GF,GF,CA,VF,387,VF ON AIR,VF Commercial,2010,17-Jun-10,29-Jul-10,1-Jul-10
3033UP,GF,GF,UP,VF,U4405,VF ON AIR,VF Commercial,2010,17-Jun-10,15-Jul-10,1-Jul-10
3042UP,GF,GF,UP,VF,U4472,VF ON AIR,VF Commercial,2010,28-Mar-10,16-May-10,1-Jul-10
3039UP,GF,GF,UP,VF,6425,VF ON AIR,VF Commercial,2010,10-Dec-09,5-Jan-10,1-Jan-10
3057UP,GF,GF,UP,VF,6454,VF ON AIR,VF Commercial,2010,23-May-10,10-Jun-10,1-Jun-10
3056UP,GF,GF,UP,VF,6457,VF ON AIR,VF Commercial,2010,20-May-10,13-Jun-10,1-Jun-10
3048UP,GF,GF,UP,VF,U4445,VF ON AIR,VF Commercial,2010,10-May-10,26-May-10,1-Jun-10
3076UP,GF,GF,UP,VF,3682,VF ON AIR,VF Commercial,2010,19-May-10,6-Jun-10,1-Jun-10
3071UP,GF,GF,UP,VF,3839,VF ON AIR,VF Commercial,2010,22-Jul-10,14-Aug-10,1-Aug-10
3074UP,GF,GF,UP,VF,3714,VF ON AIR,MN Generator,2010,10-May-10,31-May-10,1-Jun-10
3067UP,GF,GF,UP,VF,3758,VF ON AIR,VF Commercial,2010,15-Mar-10,31-Mar-10,1-Apr-10
3280UP,GF,GF,UP,VF,U3922,VF ON AIR,VF Commercial,2010,26-Jun-10,29-Jul-10,1-Aug-10
3072UP,GF,GF,UP,VF,6448,VF ON AIR,VF Commercial,2010,15-Mar-10,31-Mar-10,1-Apr-10
3061UP,GF,GF,UP,VF,U4434,VF ON AIR,VF Commercial,2010,23-May-10,9-Jun-10,1-Jun-10
3081UP,GF,GF,UP,VF,3731,VF ON AIR,VF Commercial,2010,9-Jun-10,28-Jul-10,1-Jul-10
3079UP,GF,GF,UP,VF,3673,VF ON AIR,VF Commercial,2010,15-Jul-10,1-Aug-10,1-Aug-10
3083UP,GF,GF,UP,VF,3782,VF ON AIR,VF Commercial,2010,20-Jul-10,30-Jun-10,1-Aug-10
3085UP,GF,GF,UP,VF,U4478,VF ON AIR,VF Commercial,2010,22-Sep-10,5-Nov-10,1-Oct-10
3068UP,GF,GF,UP,VF,3858,VF ON AIR,VF Commercial,2010,13-Apr-10,6-May-10,1-May-10
3089UP,GF,GF,UP,VF,6409,VF ON AIR,VF Commercial,2010,18-Apr-10,6-May-10,1-May-10
3087UP,GF,GF,UP,VF,3862,VF ON AIR,MN 27 KVA,2009,10-Dec-09,31-Dec-09,1-Jan-10
3043UP,GF,GF,UP,VF,3385,VF ON AIR,VF Commercial,2010,26-Apr-10,6-May-10,1-Jun-10
3052UP,GF,GF,UP,VF,3657,VF ON AIR,VF Commercial,2010,15-Mar-10,31-Mar-10,1-Apr-10
3055UP,GF,GF,UP,VF,6455,VF ON AIR,VF Commercial,2010,26-Jun-10,29-Jul-10,1-Aug-10
0641AL,GF,GF,AL,VF,4169,VF ON AIR,VF Commercial,2010,13-Apr-10,30-Apr-10,1-May-10
3110UP,GF,GF,UP,VF,3560,VF ON AIR,VF Commercial,2010,9-Jun-10,27-Jun-10,1-Jul-10
0358UP,GF,GF,UP,VF,K0574,VF ON AIR,VF 50 KVA,2010,30-Jun-10,5-Oct-10,1-Aug-10
3116UP,GF,GF,UP,VF,3619,VF ON AIR,VF Commercial,2010,26-Apr-10,4-May-10,1-Jun-10
3169UP,GF,GF,UP,VF,3081,VF ON AIR,VF Commercial + Orange Generator,2010,5-Aug-10,15-Sep-10,1-Sep-10
3655DE,GF,GF,DE,VF,5512,VF ON AIR,VF Commercial,2010,18-Jul-10,30-Jul-10,1-Aug-10
3171UP,GF,GF,UP,VF,3762,VF ON AIR,VF Commercial,2010,3-Nov-10,30-Nov-10,1-Dec-10
3173UP,GF,GF,UP,VF,6443,VF ON AIR,VF Commercial,2011,23-Jan-11,31-Mar-11,1-Feb-11
3174UP,GF,GF,UP,VF,U4722,VF ON AIR,VF Commercial,2010,11-Nov-10,23-Dec-10,1-Dec-10
3246DE,GF,GF,DE,VF,6357,VF ON AIR,VF Commercial,2010,25-Jul-10,26-Aug-10,1-Aug-10
3510DE,GF,GF,DE,VF,D3338,VF ON AIR,VF Commercial,2010,18-Jul-10,11-Aug-10,1-Aug-10
3162UP,GF,GF,UP,VF,U4510,VF ON AIR,VF Commercial,2010,26-Jun-10,17-Aug-10,1-Aug-10
3689DE,GF,GF,DE,VF,D3347,VF ON AIR,VF Commercial,2011,12-Dec-10,5-Jan-11,1-Jan-11
3534DE,GF,GF,DE,VF,4585,VF ON AIR,MN 27 KVA,2010,14-Sep-10,27-Sep-10,1-Oct-10
3530DE,GF,GF,DE,VF,5582,VF ON AIR,MN 27 KVA,2010,11-Nov-10,22-Dec-10,1-Dec-10
3190CA,GF,GF,CA,VF,795,VF ON AIR,VF Commercial,2011,28-Jul-11,21-Sep-11,1-Sep-11
3082UP,GF,GF,UP,VF,3779,VF ON AIR,VF Commercial,2010,19-Sep-10,30-Sep-10,1-Oct-10
3279UP,GF,GF,UP,VF,U3902,VF ON AIR,VF Commercial,2010,10-Nov-10,18-Dec-10,1-Dec-10
3297UP,GF,GF,UP,VF,3765,VF ON AIR,VF Commercial,2010,29-Nov-10,30-Dec-10,1-Jan-11
3084UP,GF,GF,UP,VF,3843,VF ON AIR,VF Commercial,2010,14-Oct-10,31-Oct-10,1-Nov-10
3296UP,GF,GF,UP,VF,3842,VF ON AIR,VF Commercial,2011,13-Mar-11,3-Apr-11,1-Apr-11
3301UP,GF,GF,UP,VF,3006,VF ON AIR,VF Commercial,2010,12-Oct-10,31-Oct-10,1-Nov-10
3299UP,GF,GF,UP,VF,U4577,VF ON AIR,VF Commercial,2010,28-Oct-10,31-Dec-10,1-Jan-11
3294UP,GF,GF,UP,VF,3161,VF ON AIR,VF Commercial,2010,8-Nov-10,30-Nov-10,1-Dec-10
7184RE,GF,GF,RE,VF,4298,VF TX Rep ON AIR,MN 27 KVA,2010,24-May-10,15-Jun-10,1-Jun-10
3215UP,GF,GF,UP,VF,3073,VF ON AIR,VF Commercial,2010,22-Aug-10,28-Sep-10,1-Sep-10
3138UP,GF,GF,UP,VF,U4492,VF ON AIR,VF 50 KVA,2010,8-Aug-10,26-Sep-10,1-Sep-10
3251UP,GF,GF,UP,VF,U3950,VF ON AIR,VF Commercial,2010,8-Aug-10,27-Aug-10,1-Sep-10
3278UP,GF,GF,UP,VF,3578,VF ON AIR,VF Commercial,2010,26-Aug-10,27-Sep-10,1-Oct-10
3298UP,GF,GF,UP,VF,3072,VF ON AIR,VF Commercial,2010,12-Oct-10,23-Nov-10,1-Nov-10
3692DE,GF,GF,DE,VF,5554,VF ON AIR,VF Commercial,2010,3-Nov-10,30-Nov-10,1-Dec-10
3060UP,GF,GF,UP,VF,4016,VF ON AIR,VF Commercial,2010,31-Oct-10,31-Oct-10,1-Dec-10
3254UP,GF,GF,UP,VF,U4446,VF ON AIR,VF Commercial,2010,8-Aug-10,30-Aug-10,1-Sep-10
3645DE,GF,GF,DE,VF,2341,VF ON AIR,VF Commercial,2010,11-Aug-10,31-Aug-10,1-Sep-10
3142UP,GF,GF,UP,VF,U4683 ,VF ON AIR,VF Commercial,2010,7-Nov-10,30-Nov-10,1-Dec-10
3139UP,GF,GF,UP,VF,U4523,VF ON AIR,MN 27 KVA,2010,28-Oct-10,28-Dec-10,1-Dec-10
3164UP,GF,GF,UP,VF,3179,VF ON AIR,VF Commercial,2010,28-Nov-10,30-Dec-10,1-Jan-11
0672AL,GF,GF,AL,VF,4387,VF ON AIR,VF Commercial,2010,17-Aug-10,8-Sep-10,1-Sep-10
0132RE,GF,GF,RE,VF,3331,VF RD ON AIR,VF Commercial + Orange Generator,2010,26-Jun-10,20-Jul-10,1-Aug-10
3217UP,GF,GF,UP,VF,U4521,VF ON AIR,VF Commercial,2010,28-Nov-10,28-Dec-10,1-Jan-11
0358RE,GF,GF,RE,VF,3125,VF ON AIR,VF 50 KVA,2010,11-Aug-10,30-Sep-10,1-Sep-10
0353RE,GF,GF,RE,VF,R2847,VF ON AIR,Power from owner,2010,3-Nov-10,30-Nov-10,1-Dec-10
0354RE,GF,GF,RE,VF,R2848,VF ON AIR,Power from owner,2010,3-Nov-10,23-Nov-10,1-Dec-10
0355RE,GF,GF,RE,VF,R2849,VF ON AIR,Power from owner,2010,3-Nov-10,30-Nov-10,1-Dec-10
0350RE,GF,GF,RE,VF,R2844,VF ON AIR,Power from owner,2010,3-Nov-10,30-Nov-10,1-Dec-10
3229UP,GF,GF,UP,VF,R2708,VF ON AIR,MN Solar,2012,27-Aug-12,25-Nov-12,1-Oct-12
3232UP,GF,GF,UP,VF,R2711,VF ON AIR,MN Solar,2012,27-Aug-12,25-Nov-12,1-Oct-12
3233UP,GF,GF,UP,VF,R2712,VF ON AIR,MN Solar,2012,27-Aug-12,27-Nov-12,1-Oct-12
0445UP,GF,GF,UP,VF,3641,VF RD ON AIR,MN Solar,2011,10-Mar-11,22-May-11,1-May-11
0446UP,GF,GF,UP,VF,3638,VF RD ON AIR,MN Solar,2011,16-Mar-11,31-May-11,1-May-11
0447UP,GF,GF,UP,VF,3636,VF RD ON AIR,MN Solar,2011,10-Mar-11,31-May-11,1-May-11
0494UP,GF,GF,UP,VF,3720,VF RD ON AIR,MN 27 KVA,2011,27-Apr-11,31-May-11,1-Jun-11
0490UP,GF,GF,UP,VF,3725,VF RD ON AIR,VF 50 KVA,2012,29-Sep-11,12-Jan-12,1-Nov-11
0376UP,GF,GF,UP,VF,3367,VF RD ON AIR, VF Commercial + VF Gen,2011,16-Jun-11,31-Jul-11,1-Jul-11
0042UP,GF,GF,UP,VF,3017,VF RD ON AIR,VF Commercial,2010,19-Sep-10,14-Oct-10,1-Oct-10
3239UP,GF,GF,UP,VF,R2718,VF ON AIR,MN Solar,2012,27-Aug-12,25-Nov-12,1-Oct-12
3244UP,GF,GF,UP,VF,R2723,VF ON AIR,MN Solar,2012,5-Jul-12,30-Aug-12,1-Aug-12
3245UP,GF,GF,UP,VF,R2724,VF ON AIR,MN Solar,2012,5-Jul-12,30-Aug-12,1-Aug-12
3246UP,GF,GF,UP,VF,R2725,VF ON AIR,MN Solar,2012,5-Jul-12,30-Aug-12,1-Aug-12
3124UP,GF,GF,UP,VF,U4588,VF ON AIR,VF Commercial,2010,31-Aug-10,25-Oct-10,1-Oct-10
3281UP,GF,GF,UP,VF,3642,VF ON AIR,MN 27 KVA,2010,19-Sep-10,30-Nov-10,1-Oct-10
3282UP,GF,GF,UP,VF,3639,VF ON AIR,MN Solar,2010,19-Sep-10,10-Nov-10,1-Oct-10
3283UP,GF,GF,UP,VF,3637,VF ON AIR,MN Solar,2010,19-Sep-10,5-Nov-10,1-Oct-10
3284UP,GF,GF,UP,VF,3635,VF ON AIR,MN Solar,2010,19-Sep-10,31-Oct-10,1-Oct-10
3489DE,GF,GF,DE,VF,D3417,VF ON AIR,VF 50 KVA,2010,22-Nov-10,30-Nov-10,1-Dec-10
3285UP,GF,GF,UP,VF,3062,VF ON AIR,VF Commercial,2011,25-Nov-10,26-Jan-11,1-Dec-10
0362RE,GF,GF,RE,VF,3301,VF ON AIR,VF 50 KVA,2011,6-Dec-10,9-Jan-11,1-Jan-11
3552CA,GF,GF,CA,VF,K2493,VF ON AIR,MN Commercial,2010,25-Oct-10,31-Oct-10,1-Nov-10
3553CA,GF,GF,CA,VF,K2494,VF ON AIR,MN Commercial,2010,25-Oct-10,29-Oct-10,1-Nov-10
3694DE,GF,GF,DE,VF,2344,VF ON AIR,VF Commercial,2010,1-Dec-10,27-Dec-10,1-Jan-11
3439DE,GF,GF,DE,VF,D3459,VF ON AIR,VF 50 KVA,2010,14-Dec-10,31-Dec-10,1-Jan-11
3138DE,GF,GF,DE,VF,5895,VF ON AIR,VF 50 KVA,2010,14-Dec-10,30-Dec-10,1-Jan-11
3328UP,GF,GF,UP,VF,3760,VF ON AIR,MN 27 KVA,2011,14-Dec-10,16-Jan-11,1-Jan-11
3317UP,GF,GF,UP,VF,3082,VF ON AIR,VF Commercial,2010,25-Nov-10,28-Dec-10,1-Dec-10
3676DE,GF,GF,DE,VF,4118,VF ON AIR,VF Commercial,2011,22-Nov-10,5-Jan-11,1-Dec-10
3335UP,GF,GF,UP,VF,3729,VF ON AIR,VF Commercial,2010,29-Nov-10,26-Dec-10,1-Jan-11
3333UP,GF,GF,UP,VF,3163,VF ON AIR,VF Commercial,2010,29-Nov-10,30-Dec-10,1-Jan-11
3334UP,GF,GF,UP,VF,3264,VF ON AIR,VF Commercial,2011,29-Nov-10,5-Jan-11,1-Jan-11
0487SI,GF,GF,SI,VF,5233,VF ON AIR,MN 27 KVA,2012,20-Nov-11,17-Sep-12,1-Dec-11
3376UP,GF,GF,UP,VF,3640,VF ON AIR,MN Solar,2011,13-Dec-10,26-Apr-11,1-Jan-11
3268DE,GF,GF,DE,VF,5694,VF ON AIR,1* VF 27 KVA,2012,23-Nov-11,3-Jan-12,1-Dec-11
3696DE,GF,GF,DE,VF,4476,VF ON AIR,VF 50 KVA,2011,25-Oct-11,18-Dec-11,1-Nov-11
3137UP,GF,GF,UP,VF,U4605,VF ON AIR,VF Commercial,2011,16-Mar-11,10-Apr-11,1-Apr-11
3415UP,GF,GF,UP,VF,3896,VF ON AIR,VF Commercial,2011,8-Sep-11,30-Nov-11,1-Oct-11
0404UP,GF,GF,UP,VF,3200,VF ON AIR,VF Commercial,2011,18-May-11,30-Jun-11,1-Jun-11
3779DE,GF,GF,DE,VF,D3523,VF ON AIR,VF Commercial,2011,25-Sep-11,27-Nov-11,1-Oct-11
3221UP,GF,GF,UP,VF,U4758,VF ON AIR,VF Commercial,2011,16-Jan-11,22-Mar-11,1-Apr-11
3293UP,GF,GF,UP,VF,U4763,VF ON AIR,VF Commercial,2011,23-Jan-11,31-Mar-11,1-Feb-11
3859DE,GF,GF,DE,VF,D3057,VF ON AIR,VF 50 KVA,2011,9-Jun-11,20-Jul-11,1-Jul-11
3663DE,GF,GF,DE,VF,D3606,VF ON AIR,MN 27 KVA,2011,31-Jul-11,13-Dec-11,1-Sep-11
0489SI,GF,GF,SI,VF,R2597,VF ON AIR,VF 50 KVA,2011,22-May-11,31-Jul-11,1-Jun-11
3147UP,GF,GF,UP,VF,U4518,VF ON AIR,VF Commercial,2011,17-Aug-11,23-Nov-11,1-Sep-11
3322UP,GF,GF,UP,VF,U4671,VF ON AIR,VF Commercial,2011,18-May-11,10-Aug-11,1-Jun-11
3455UP,GF,GF,UP,VF,U4944,VF ON AIR,VF Commercial,2011,18-May-11,27-Jun-11,1-Jun-11
3462UP,GF,GF,UP,VF,U4947,VF ON AIR,VF Commercial,2011,22-May-11,22-Jun-11,1-Jun-11
3461UP,GF,GF,UP,VF,U4950,VF ON AIR,VF Commercial,2011,22-May-11,19-Jun-11,1-Jun-11
3457UP,GF,GF,UP,VF,U4554,VF ON AIR,VF Commercial,2011,30-Nov-11,30-Dec-11,1-Jan-12
3459UP,GF,GF,UP,VF,U4943,VF ON AIR,VF Commercial,2011,24-Aug-11,31-Oct-11,1-Sep-11
3066UP,GF,GF,UP,VF,U3913,VF ON AIR,MN 27 KVA,2011,16-Jun-11,14-Aug-11,1-Jul-11
0490SI,GF,GF,SI,VF,R2534 ,VF ON AIR,VF Commercial,2011,17-Aug-11,4-Dec-11,1-Sep-11
3584DE,GF,GF,DE,VF,5538,VF ON AIR,VF Commercial,2011,10-Apr-11,26-Apr-11,1-May-11
3302UP,GF,GF,UP,VF,U4753,VF ON AIR,VF Commercial,2011,23-Feb-11,31-Mar-11,1-Mar-11
3288UP,GF,GF,UP,VF,U3907,VF ON AIR,VF Commercial,2011,28-Feb-11,7-Apr-11,1-Apr-11
3250UP,GF,GF,UP,VF,U4752,VF ON AIR,VF Commercial,2011,8-Mar-11,14-Apr-11,1-Apr-11
3451UP,GF,GF,UP,VF,U4932,VF ON AIR,VF Commercial,2011,14-Jun-11,19-Jul-11,1-Jul-11
3153UP,GF,GF,UP,VF,U4488,VF ON AIR,VF Commercial,2011,16-Mar-11,25-Apr-11,1-Apr-11
3109UP,GF,GF,UP,VF,3869,VF ON AIR,VF Commercial,2011,4-May-11,30-May-11,1-Jun-11
3320UP,GF,GF,UP,VF,3655,VF ON AIR,VF Commercial,2011,17-Mar-11,30-Apr-11,1-Apr-11
3495DE,GF,GF,DE,VF,D3105,VF ON AIR,VF Commercial,2011,9-Mar-11,29-Jun-11,1-Apr-11
3422UP,GF,GF,UP,VF,3886,VF ON AIR,VF Commercial,2011,4-May-11,30-Jun-11,1-Jun-11
3253DE,GF,GF,DE,VF,D3436,VF ON AIR,VF 50 KVA,2011,6-Mar-11,26-Apr-11,1-Apr-11
3520DE,GF,GF,DE,VF,D3360,VF ON AIR,VF Commercial,2011,17-Nov-11,21-Dec-11,1-Dec-11
3500UP,GF,GF,UP,VF,U4581,VF ON AIR,VF Commercial,2011,24-Aug-11,31-Oct-11,1-Sep-11
3502UP,GF,GF,UP,VF,U4933,VF ON AIR,VF Commercial,2011,23-May-11,26-Jun-11,1-Jun-11
3499UP,GF,GF,UP,VF,3586,VF ON AIR,VF Commercial,2011,11-Jul-11,30-Aug-11,1-Aug-11
3501UP,GF,GF,UP,VF,3015,VF ON AIR,VF Commercial,2011,11-Jul-11,29-Aug-11,1-Aug-11
3514UP,GF,GF,UP,VF,U4682,VF ON AIR,VF Commercial,2011,20-Jul-11,30-Sep-11,1-Aug-11
3515UP,GF,GF,UP,VF,U4676,VF ON AIR,VF Commercial,2011,20-Jul-11,30-Sep-11,1-Aug-11
3830DE,GF,GF,DE,VF,D3702,VF ON AIR,VF Commercial,2011,17-Nov-11,15-Dec-11,1-Dec-11
3087CA,GF,GF,CA,VF,100,VF ON AIR,VF Commercial,2011,18-Sep-11,24-Nov-11,1-Oct-11
3088CA,GF,GF,CA,VF,1236,VF ON AIR,VF Commercial,2012,19-Oct-11,29-Feb-12,1-Nov-11
3905DE,GF,GF,DE,VF,D3337,VF ON AIR,VF Commercial,2011,7-Dec-11,31-Dec-11,1-Jan-12
3821DE,GF,GF,DE,VF,D3183,VF ON AIR,VF 50 KVA,2011,23-Jun-11,29-Jul-11,1-Jul-11
3425DE,GF,GF,DE,VF,D3165,VF ON AIR,VF Commercial,2011,23-Jun-11,31-Jul-11,1-Jul-11
3493DE,GF,GF,DE,VF,5987,VF ON AIR,VF Commercial,2011,19-Jun-11,31-Jul-11,1-Jul-11
3199UP,GF,GF,UP,VF,3094,VF ON AIR,VF Commercial,2011,16-Jun-11,20-Nov-11,1-Jul-11
3545UP,GF,GF,UP,VF,3090,VF ON AIR,MN 27 KVA,2012,28-Sep-11,31-May-12,1-Nov-11
3539UP,GF,GF,UP,VF,U4474,VF ON AIR,VF Commercial,2012,12-Dec-11,11-Feb-12,1-Jan-12
3548UP,GF,GF,UP,VF,U4420,VF ON AIR,VF Commercial,2012,17-Nov-11,12-Jan-12,1-Dec-11
3222UP,GF,GF,UP,VF,6437,VF ON AIR,MN 27 KVA,2013,22-Aug-12,29-Jan-13,1-Sep-12
3536UP,GF,GF,UP,VF,6452,VF ON AIR,VF Commercial,2011,25-Jul-11,24-Sep-11,1-Aug-11
3535UP,GF,GF,UP,VF,6451,VF ON AIR,VF Commercial,2011,25-Jul-11,30-Sep-11,1-Aug-11
3534UP,GF,GF,UP,VF,6423,VF ON AIR,VF Commercial,2011,20-Oct-11,30-Nov-11,1-Nov-11
3528UP,GF,GF,UP,VF,U4516,VF ON AIR,VF Commercial,2011,8-Sep-11,30-Oct-11,1-Oct-11
3519UP,GF,GF,UP,VF,3178,VF ON AIR,VF Commercial,2011,17-Aug-11,11-Oct-11,1-Sep-11
0791DE,GF,GF,DE,VF,6314,VF ON AIR,1* VF 27 KVA,2011,20-Sep-11,18-Dec-11,1-Oct-11
3508DE,GF,GF,DE,VF,D3373,VF ON AIR,VF Commercial,2011,12-Jul-11,31-Jul-11,1-Aug-11
3300UP,GF,GF,UP,VF,U3964,VF ON AIR,MN 27 KVA,2011,11-Jul-11,22-Aug-11,1-Jul-11
3433UP,GF,GF,UP,VF,3797,VF ON AIR,VF Commercial,2011,22-Nov-11,28-Dec-11,1-Dec-11
3135UP,GF,GF,UP,VF,3616,VF ON AIR,VF Commercial,2011,28-Nov-11,31-Dec-11,1-Jan-12
3460UP,GF,GF,UP,VF,U4444,VF ON AIR,VF Commercial,2011,25-Jul-11,30-Aug-11,1-Aug-11
3563UP,GF,GF,UP,VF,U3903,VF ON AIR,VF Commercial,2011,20-Jul-11,12-Oct-11,1-Aug-11
3133UP,GF,GF,UP,VF,3272,VF ON AIR,VF Commercial,2011,20-Oct-11,15-Dec-11,1-Nov-11
3405UP,GF,GF,UP,VF,U4594,VF ON AIR,VF Commercial,2011,24-Aug-11,31-Oct-11,1-Sep-11
0478UP,GF,GF,UP,VF,U4759,VF ON AIR,VF Commercial,2011,23-Jun-11,26-Oct-11,1-Jul-11
0830UP,GF,GF,UP,VF,U3985,VF ON AIR,VF Commercial,2011,16-Jun-11,30-Jul-11,1-Jul-11
3058DE,GF,GF,DE,VF,4614,VF ON AIR,VF Commercial,2011,29-Aug-11,21-Nov-11,1-Oct-11
3572DE,GF,GF,DE,VF,D3272,VF ON AIR,1* VF 27 KVA,2011,13-Sep-11,31-Oct-11,1-Oct-11
3770DE,GF,GF,DE,VF,D3275,VF ON AIR,VF Commercial,2011,13-Sep-11,31-Oct-11,1-Oct-11
3270DE,GF,GF,DE,VF,5684,VF ON AIR,1* VF 27 KVA,2011,13-Sep-11,21-Oct-11,1-Oct-11
3765DE ,GF,GF,DE,VF, D3397,VF ON AIR,VF 50 KVA,2011,29-Jun-11,22-Aug-11,1-Aug-11
3901DE,GF,GF,DE,VF,D3884,VF ON AIR,VF Commercial,2011,22-Jun-11,20-Jul-11,1-Jul-11
3809DE,GF,GF,DE,VF,5914,VF ON AIR,VF Commercial,2011,19-Jul-11,18-Aug-11,1-Aug-11
0720AL,GF,GF,NC,VF,2383,VF ON AIR,VF EC,2015,8-Dec-14,23-Mar-15,1-Jan-15
3576UP,GF,GF,UP,VF,6480,VF ON AIR,VF Commercial,2011,28-Jun-11,14-Sep-11,1-Aug-11
3488DE,GF,GF,DE,VF,D3191,VF ON AIR,VF Commercial,2011,29-May-11,30-Jun-11,1-Jun-11
3126DE,GF,GF,DE,VF,D3565,VF ON AIR,VF Commercial,2011,29-May-11,30-Jun-11,1-Jun-11
3895DE,GF,GF,DE,VF,D3894,VF ON AIR,VF 50 KVA,2011,29-May-11,30-Jun-11,1-Jun-11
3802DE,GF,GF,DE,VF,D3359,VF ON AIR,VF Commercial,2011,29-May-11,28-Sep-11,1-Jul-11
3010DE,GF,GF,DE,VF,4982,VF ON AIR,VF Commercial,2012,27-Dec-11,27-Feb-12,1-Feb-12
3774DE,GF,GF,DE,VF,5966,VF ON AIR,VF commercial,2011,20-Sep-11,26-Oct-11,1-Nov-11
0499SI,GF,GF,SI,VF,5286,VF ON AIR,VF Commercial,2012,31-Jan-12,31-May-12,1-Mar-12
0500SI,GF,GF,SI,VF,4209,VF ON AIR,VF Commercial,2011,17-Oct-11,6-Dec-11,1-Nov-11
0501SI,GF,GF,SI,VF,R2508,VF ON AIR,VF Commercial,2011,25-Sep-11,16-Nov-11,1-Oct-11
0502SI,GF,GF,SI,VF,R2589,VF ON AIR,VF Commercial,2011,8-Sep-11,21-Nov-11,1-Oct-11
3499CA,GF,GF,CA,VF,1599,VF ON AIR,VF Commercial,2011,31-Jul-11,30-Sep-11,1-Sep-11
3244CA,GF,GF,CA,VF,1998,VF ON AIR,VF 50 KVA,2011,31-Jul-11,30-Sep-11,1-Sep-11
3620CA,GF,GF,CA,VF,246,VF ON AIR,VF Commercial,2011,24-Aug-11,30-Sep-11,1-Sep-11
3562UP,GF,GF,UP,VF,3659,VF ON AIR,VF Commercial,2011,23-Oct-11,8-Dec-11,1-Nov-11
3887UP,GF,GF,UP,VF,3024,VF ON AIR,VF Commercial,2013,30-Oct-12,13-Jan-13,1-Dec-12
0373RE,GF,GF,RE,VF,3133,VF ON AIR,VF 50 KVA,2011,31-Oct-11,13-Dec-11,1-Dec-11
3477UP,GF,GF,UP,VF,U4805,VF ON AIR,VF commercial,2011,29-May-11,30-Sep-11,1-Jul-11
0521UP,GF,GF,UP,VF,6403,VF ON AIR,VF Commercial,2012,25-Mar-12,31-May-12,1-Apr-12
3487UP,GF,GF,UP,VF,K0576,VF ON AIR,1* VF 27 KVA,2011,19-Oct-11,19-Dec-11,1-Nov-11
3919DE,GF,GF,DE,VF,4630,VF ON AIR,1* VF 27 KVA,2011,3-Oct-11,19-Nov-11,1-Nov-11
0173DE,GF,GF,SI,VF,4007,VF ON AIR,VF Commercial,2011,14-Sep-11,16-Dec-11,1-Oct-11
3136UP,GF,GF,UP,VF,U4465,VF ON AIR,VF Commercial,2011,14-Jun-11,29-Aug-11,1-Jul-11
3266UP,GF,GF,UP,VF,U4963,VF ON AIR,VF Commercial,2011,28-Jun-11,31-Jul-11,1-Aug-11
3450UP,GF,GF,UP,VF,U4925,VF ON AIR,VF Commercial,2012,19-Feb-12,25-Apr-12,1-Mar-12
3303UP,GF,GF,CA,VF,U3968 ,VF ON AIR,VF Commercial,2012,8-Dec-11,19-Jan-12,1-Jan-12
3400UP,GF,GF,UP,VF,3877,VF ON AIR,VF Commercial,2011,31-Oct-11,22-Dec-11,1-Dec-11
3472DE,GF,GF,DE,VF,D3053,VF ON AIR,VF Commercial,2011,31-Oct-11,30-Nov-11,1-Dec-11
3839DE,GF,GF,DE,VF,D3865,VF ON AIR,VF Commercial,2011,20-Sep-11,17-Nov-11,1-Oct-11
0713AL,GF,GF,AL,VF,2380,VF ON AIR,MN 27 KVA,2011,25-Oct-11,19-Dec-11,1-Nov-11
7099UP,GF,GF,UP,VF,9040,VF TX Rep ON AIR,MN Solar,2011,3-Aug-11,21-Dec-11,1-Sep-11
3693UP,GF,GF,UP,ET,380,ET ON AIR,ET Commercial,2012,21-Jun-12,10-Oct-12,1-Jul-12
0434UP,GF,GF,UP,VF,3079,VF ON AIR,VF Commercial,2011,31-Oct-11,28-Dec-11,1-Dec-11
3634UP,GF,GF,CA,VF,6008,VF ON AIR,VF 50 KVA,2012,19-Oct-11,7-Jan-12,1-Nov-11
0663DE,GF,GF,DE,VF,D3435,VF ON AIR,VF Commercial,2012,23-Nov-11,3-Jan-12,1-Dec-11
3707DE ,GF,GF,DE,VF,5874,VF ON AIR,VF Commercial,2012,16-Sep-12,25-Nov-12,1-Oct-12
3933DE,GF,GF,DE,VF,4682,VF ON AIR,VF Commercial,2012,10-Oct-12,21-Nov-12,1-Nov-12
3598CA,GF,GF,CA,VF,6073,VF ON AIR,VF 27 KVA,2012,28-Aug-12,31-Dec-12,1-Oct-12
3530CA,GF,GF,CA,VF,K2325,VF ON AIR,VF Commercial,2012,31-Jan-12,10-May-12,1-Mar-12
3583CA,GF,GF,CA,VF,6085,VF ON AIR,MN 27 KVA,2012,31-Aug-12,29-Dec-12,1-Oct-12
3458CA,GF,GF,CA,VF,K3738,VF ON AIR,1* VF 27 KVA,2012,30-Apr-12,25-Nov-12,1-Jun-12
0567DE,GF,GF,Obr,VF,K3218,VF ON AIR,VF Commercial,2015,27-Jul-15,31-Dec-15,1-Sep-15
0886UP,GF,GF,CA,VF,6290,VF ON AIR,1* VF 27 KVA,2012,28-Nov-11,31-Jan-12,1-Jan-12
3791UP,GF,GF,UP,ET,403,ET ON AIR,ET Commercial,2012,28-Aug-12,30-Sep-12,1-Oct-12
3449UP,GF,GF,UP,VF,U3914,VF ON AIR,VF 50 KVA,2012,26-Dec-11,22-Feb-12,1-Feb-12
0372RE,GF,GF,RE,VF,R2514,VF ON AIR,VF Commercial,2012,30-Apr-12,31-Jul-12,1-Jun-12
0756AL,GF,GF,AL,VF,2387,VF ON AIR,VF Commercial,2012,4-Mar-12,24-May-12,1-Apr-12
3508UP,GF,GF,UP,VF,U4824,VF ON AIR,1* VF 27 KVA,2012,31-Jan-12,27-Mar-12,1-Mar-12
3931DE,GF,GF,DE,VF,6351 ,VF ON AIR,VF Commercial,2011,7-Dec-11,28-Dec-11,1-Jan-12
0712AL,GF,GF,AL,VF,2381,VF ON AIR,1* VF 27 KVA,2012,9-Jan-12,27-Aug-12,1-Feb-12
3694UP,GF,GF,UP,ET,420,ET ON AIR,ET Commercial,2012,12-Jun-12,30-Sep-12,1-Jul-12
3623UP,GF,GF,UP,ET,434,ET ON AIR,ET 50KVA,2012,1-Mar-12,16-Nov-12,1-Apr-12
3686UP,GF,GF,UP,ET,803,ET ON AIR,ET commercial,2012,11-Apr-12,30-Aug-12,1-May-12
3705UP,GF,GF,UP,ET,810,ET ON AIR,ET commercial,2013,21-Jul-13,31-Aug-13,1-Aug-13
3034UP,GF,GF,UP,ET,900,ET ON AIR,ET commercial,2012,30-Jan-12,31-Mar-12,1-Mar-12
3782UP,GF,GF,UP,ET,937,ET ON AIR,ET Commercial,2012,8-Oct-12,30-Dec-12,1-Nov-12
0992UP,GF,GF,UP,ET,938,ET ON AIR,ET Commercial,2014,4-May-14,18-Aug-14,1-Jun-14
3316UP,GF,GF,UP,ET,941,ET ON AIR,1*ET27KVA,2012,29-Sep-12,16-Dec-12,1-Nov-12
3861UP,GF,GF,UP,ET,1014,ET ON AIR,ET Commercial,2013,12-Dec-12,22-Jan-13,1-Jan-13
3499DE,GF,GF,DE,ET,1035,ET ON AIR,MN 27 KVA,2013,12-Sep-13,11-Nov-13,1-Oct-13
3465UP,GF,GF,UP,ET,1066,ET ON AIR,ET Commercial,2012,26-Feb-12,31-May-12,1-Apr-12
3864DE,GF,GF,DE,ET,1083,ET ON AIR,ET Commercial,2013,12-Sep-13,30-Sep-13,1-Oct-13
3940DE,GF,GF,DE,ET,1093,ET ON AIR,1 * ET 27KVA,2012,12-Aug-12,30-Sep-12,1-Sep-12
3941DE,GF,GF,DE,ET,1137,ET ON AIR,ET Commercial,2012,13-Jun-12,30-Sep-12,1-Jul-12
3687UP,GF,GF,UP,ET,1227,ET ON AIR,ET Commercial,2012,23-Apr-12,11-Jul-12,1-May-12
4018DE,GF,GF,DE,ET,1271,ET ON AIR,MN 27 KVA,2013,9-Jun-13,22-Aug-13,1-Jul-13
3891UP,GF,GF,UP,ET,1299,ET ON AIR,ET Commercial,2012,20-Nov-12,30-Dec-12,1-Dec-12
3703DE,GF,GF,DE,ET,1317,ET ON AIR,ET 50KVA,2012,13-Feb-12,25-Mar-12,1-Mar-12
3358UP,GF,GF,UP,ET,1354,ET ON AIR,ET 50KVA,2012,23-Feb-12,6-Jun-12,1-Mar-12
3682UP,GF,GF,UP,ET,1391,ET ON AIR,ET Commercial,2013,1-Aug-13,19-Sep-13,1-Sep-13
3410UP,GF,GF,UP,ET,1426,ET ON AIR,ET Commercial,2012,22-Jan-12,17-Apr-12,1-Feb-12
3987DE,GF,GF,DE,ET,1428,ET ON AIR,1* MN 27KVA,2012,8-Jul-12,30-Aug-12,1-Aug-12
3900UP,GF,GF,UP,ET,1436,ET ON AIR,ET Commercial,2013,20-Mar-13,19-Jun-13,1-Apr-13
3695UP,GF,GF,UP,ET,1633,ET ON AIR,MN 27 KVA,2012,13-May-12,15-Aug-12,1-Jun-12
3970DE,GF,GF,DE,ET,1643,ET ON AIR,ET Commercial,2012,19-Jun-12,30-Aug-12,1-Jul-12
3971DE,GF,GF,DE,ET,1673,ET ON AIR,ET commercial,2012,12-Nov-12,24-Dec-12,1-Dec-12
3688UP,GF,GF,UP,ET,1687,ET ON AIR,ET Commercial,2012,23-Apr-12,20-Jun-12,1-May-12
3953DE,GF,GF,DE,ET,1709,ET ON AIR,OR Generator,2012,4-Nov-12,16-Dec-12,1-Dec-12
3927DE,GF,GF,DE,ET,1711,ET ON AIR,ET 50KVA,2012,23-Feb-12,28-Jun-12,1-Mar-12
3979DE,GF,GF,DE,ET,1738,ET ON AIR,ET Commercial,2012,17-Oct-12,21-Nov-12,1-Nov-12
3869DE,GF,GF,DE,VF,D3882,VF ON AIR,VF Commercial,2012,13-Feb-12,27-Mar-12,1-Mar-12
3696UP,GF,GF,UP,ET,1766,ET ON AIR,ET commercial 31-8,2014,10-Apr-14,18-Jun-14,1-May-14
3697UP,GF,GF,UP,ET,1767,ET ON AIR,ET commercial ,2012,12-Aug-12,18-Oct-12,1-Sep-12
3001DE,GF,GF,DE,ET,1558,ET ON AIR,,,26-Jun-16,,1-Aug-16
3428UP,GF,GF,UP,ET,1807,ET ON AIR,ET Commercial,2012,29-Sep-12,23-Dec-12,1-Nov-12
3983DE,GF,GF,DE,ET,1890,ET ON AIR,ET Commercial,2012,18-Mar-12,31-May-12,1-Apr-12
3943DE,GF,GF,DE,ET,1938,ET ON AIR,ET Commercial,2012,25-Mar-12,26-May-12,1-Apr-12
3379UP,GF,GF,CA,VF,3613,VF ON AIR,MN 27 KVA,2012,29-Jul-12,31-Dec-12,1-Sep-12
3942DE,GF,GF,DE,ET,1958,ET ON AIR,ET Commercial,2012,8-Jul-12,30-Sep-12,1-Aug-12
4011UP,GF,GF,UP,ET,1982,ET ON AIR,ET Commercial,2014,19-May-14,19-Aug-14,1-Jun-14
3951UP,GF,GF,UP,ET,1988,ET ON AIR,ET Commercial,2013,28-Feb-13,21-Apr-13,1-Apr-13
4087DE,GF,GF,DE,ET,2000,ET ON AIR,ET Commercial,2014,13-Apr-14,30-May-14,1-May-14
4133DE,GF,GF,DE,ET,2013,ET ON AIR,ET commercial,2012,4-Nov-12,18-Dec-12,1-Dec-12
0832UP,GF,GF,UP,ET,2035,ET RD ON AIR,ET commerical 17-2,2013,28-Feb-13,23-Apr-13,1-Apr-13
3362UP,GF,GF,UP,ET,2054,ET ON AIR,ET Commercial,2012,13-Mar-12,31-May-12,1-Apr-12
3698UP,GF,GF,UP,ET,2098,ET ON AIR,ET Commercial,2012,11-Apr-12,24-Aug-12,1-May-12
3662UP,GF,GF,UP,ET,2102,ET ON AIR,ET Commercial,2012,9-May-12,8-Jul-12,1-Jun-12
3944DE,GF,GF,DE,ET,2150,ET ON AIR,ET Commercial,2013,9-Jun-13,31-Oct-13,1-Jul-13
3622DE,GF,GF,DE,ET,2173,ET ON AIR,MN 27 KVA,2013,9-Jun-13,30-Jul-13,1-Jul-13
3945DE,GF,GF,DE,ET,2248,ET ON AIR,ET Commercial,2012,25-Mar-12,28-Jun-12,1-Apr-12
3686DE,GF,GF,DE,ET,2280,ET ON AIR,ET Commercial,2012,31-May-12,31-Jul-12,1-Jul-12
3950DE,GF,GF,DE,ET,2307,ET ON AIR,ET Commercial,2012,29-Sep-12,30-Nov-12,1-Nov-12
 3980DE,GF,GF,DE,ET,2315,ET ON AIR,ET Commercial,2012,19-Jul-12,30-Aug-12,1-Aug-12
3975DE,GF,GF,DE,VF,D3448,VF ON AIR,MN 27 KVA,2012,15-May-12,31-May-12,1-Jun-12
3961DE,GF,GF,DE,ET,2325,ET ON AIR,ET Commercial,2012,26-May-12,20-Sep-12,1-Jul-12
4260DE,GF,GF,DE,ET,2410,ET ON AIR,MN 27 KVA ,2014,19-May-14,10-Dec-14,1-Jun-14
3946DE,GF,GF,DE,ET,2412,ET ON AIR,ET commercial ,2012,26-May-12,26-Sep-12,1-Jul-12
3623CA,GF,GF,CA,VF,K3215,VF ON AIR,VF Commercial,2014,14-Jan-14,30-Apr-14,1-Feb-14
3947DE,GF,GF,DE,ET,2633,ET ON AIR,ET Commercial,2012,16-Sep-12,19-Nov-12,1-Oct-12
3949DE,GF,GF,DE,ET,2925,ET ON AIR,1*ET27KVA,2012,6-Sep-12,31-Oct-12,1-Oct-12
3441DE,GF,GF,DE,ET,2964,ET ON AIR,MN 27KVA,2014,4-May-14,25-Jun-14,1-Jun-14
3981DE,GF,GF,DE,ET,2980,ET ON AIR,ET commercial 17-2,2012,29-Aug-12,31-Oct-12,1-Oct-12
0753AL,GF,GF,AL,ET,3254,ET ON AIR,ET 50KVA,2012,8-Feb-12,26-Mar-12,1-Mar-12
0852AL,GF,GF,NC,ET,3305,ET ON AIR,ET Commercial,2014,25-Mar-14,14-May-14,1-Apr-14
0899AL,GF,GF,NC,ET,3369,ET ON AIR,ET Commercial,2014,1-Jun-14,19-Aug-14,1-Jul-14
0914AL,GF,GF,AL,ET,3443,ET ON AIR,ET commercial 17-2,2014,4-May-14,23-Dec-14,1-Jun-14
0806AL,GF,GF,AL,ET,3638,ET ON AIR,ET Commercial,2012,17-Oct-12,30-Nov-12,1-Nov-12
0557AL,GF,GF,NC,ET,3688,ET ON AIR,1* ET 27 KVA,2014,29-Oct-13,25-May-14,1-Dec-13
3714UP,GF,GF,UP,ET,3940,ET ON AIR,MN 27 KVA,2012,2-Sep-12,9-Dec-12,1-Oct-12
0390RE,GF,GF,RE,ET,3952,ET ON AIR,1 * ET 27KVA,2012,16-Dec-12,31-Dec-12,1-Oct-12
0385RE,GF,GF,RE,ET,3982,ET ON AIR,ET 15 KVA,2012,1-Mar-12,30-Apr-12,1-Apr-12
0386RE,GF,GF,RE,ET,3984,ET ON AIR,ET 15 KVA,2012,1-Mar-12,30-Apr-12,1-Apr-12
0387RE,GF,GF,RE,ET,3989,ET ON AIR,ET 15 KVA,2012,7-Mar-12,30-Apr-12,1-Apr-12
0388RE,GF,GF,RE,ET,3991,ET ON AIR,ET 15 KVA,2012,1-Mar-12,30-Apr-12,1-Apr-12
3992DE,GF,GF,DE,ET,4032,ET ON AIR,ET Commercial,2014,2-Nov-13,2-Apr-14,1-Dec-13
0971DE,GF,GF,DE,ET,4091,ET ON AIR,ET commercial 17-2,2012,22-Aug-12,30-Sep-12,1-Sep-12
3414DE,GF,GF,DE,ET,4112,ET ON AIR,1* ET 27 KVA,2012,29-Sep-12,21-Nov-12,1-Nov-12
3986DE,GF,GF,DE,ET,4293,ET ON AIR,ET Commercial,2012,28-Mar-12,25-Jun-12,1-May-12
3541DE,GF,GF,DE,ET,4305,ET ON AIR,ET 50KVA,2012,29-Jan-12,29-Feb-12,1-Mar-12
4072DE,GF,GF,CA,ET,4369,ET ON AIR,ET commercial 17-2,2013,17-Jun-13,10-Dec-13,1-Jul-13
4121DE,GF,GF,DE,ET,4429,ET ON AIR,ET Commercial,2012,17-Sep-12,30-Sep-12,1-Oct-12
3388DE,GF,GF,DE,ET,4436,ET ON AIR,OR Generator,2012,1-Oct-12,22-Nov-12,1-Nov-12
3881DE,GF,GF,DE,ET,4540,ET ON AIR,ET commercial 17-2,2012,22-Aug-12,30-Sep-12,1-Sep-12
0622DE,GF,GF,DE,ET,4557,ET ON AIR,MN 27 KVA,2014,15-Jun-14,9-Sep-14,1-Jul-14
3310UP,GF,GF,CA,VF,6286,VF ON AIR,VF Commercial,2012,26-Apr-12,31-Aug-12,1-Jun-12
3936DE ,GF,GF,DE,VF,D3544 ,VF ON AIR,VF Commercial,2013,19-Sep-13,30-Oct-13,1-Aug-12
0687DE,GF,GF,DE,ET,4593,ET ON AIR,ET Commercial,2012,29-Sep-12,31-Oct-12,1-Nov-12
3885DE,GF,GF,DE,VF,5701,VF ON AIR,1* VF 27 KVA,2012,13-Feb-12,29-Feb-12,1-Mar-12
0261UP,GF,GF,UP,VF,3212,VF RD ON AIR,VF Commercial,2012,11-Mar-12,5-Jul-12,1-Apr-12
0738DE,GF,GF,DE,ET,4602,ET ON AIR,ET Commercial,2013,28-Feb-13,31-Mar-13,1-Apr-13
3952DE,GF,GF,DE,ET,4614,ET ON AIR,ET Commercial,2012,13-Jun-12,29-Aug-12,1-Jul-12
3705DE,GF,GF,DE,ET,4631,ET ON AIR,MN 27 KVA,2012,19-Nov-12,25-Dec-12,1-Dec-12
3962DE,GF,GF,DE,ET,4644,ET ON AIR,MN 27 KVA,2012,19-Sep-12,30-Nov-12,1-Oct-12
3765UP,GF,GF,UP,VF,3568,VF ON AIR,VF Commercial,2012,30-Oct-12,23-Dec-12,1-Dec-12
3951DE,GF,GF,DE,ET,4656,ET ON AIR,MN 27 KVA,2012,19-Sep-12,21-Nov-12,1-Oct-12
3257UP,GF,GF,CA,VF,267,VF ON AIR,VF 50 KVA,2012,31-Jan-12,31-Mar-12,1-Mar-12
3582CA,GF,GF,CA,VF,1578,VF ON AIR,VF Commercial,2012,31-Aug-12,29-Dec-12,1-Oct-12
3454DE,GF,GF,DE,ET,4753,ET RD ON AIR,MN 27 KVA,2014,29-Oct-13,29-Jan-14,1-Dec-13
3024UP,GF,GF,UP,VF,3083,VF ON AIR,MN 27 KVA,2012,29-Apr-12,31-Aug-12,1-Jun-12
3440UP,GF,GF,UP,VF,3702,VF ON AIR,VF Commercial,2012,31-May-12,31-Jul-12,1-Jul-12
3654CA,GF,GF,CA,VF,6137,VF ON AIR,MN Commercial,2012,15-Feb-12,20-Mar-12,1-Mar-12
3574CA,GF,GF,CA,VF,K3235,VF ON AIR,MN Commercial,2012,15-Feb-12,20-Mar-12,1-Mar-12
3571CA,GF,GF,CA,VF,848 ,VF ON AIR,1* VF 27 KVA,2012,26-Jun-12,10-Dec-12,1-Aug-12
3773DE,GF,GF,DE,VF,5850,VF ON AIR,1* VF 27 KVA,2012,8-Oct-12,31-Dec-12,1-Nov-12
3646UP,GF,GF,CA,VF,K2071,VF ON AIR,VF 50 KVA,2012,30-Apr-12,25-Dec-12,1-Jun-12
3955DE,GF,GF,DE,ET,4761,ET ON AIR,ET Commercial,2012,5-Jun-12,31-Aug-12,1-Jul-12
7090SI,GF,GF,SI,VF,5227,VF TX Rep ON AIR,MN 27 KVA,2012,26-Feb-12,17-Sep-12,1-Apr-12
3706CA,GF,GF,CA,VF,K2301,VF ON AIR,MN 27 KVA,2012,29-May-12,30-Aug-12,1-Jul-12
0858DE,GF,GF,DE,ET,4776,ET ON AIR,ET Commercial,2012,6-Sep-12,9-Oct-12,1-Oct-12
3579DE,GF,GF,DE,ET,4802,ET ON AIR,ET Commercial,2012,11-Nov-12,24-Dec-12,1-Dec-12
3762UP,GF,GF,UP,VF,3063,VF ON AIR,VF Commercial,2012,17-Sep-12,27-Nov-12,1-Oct-12
3756UP,GF,GF,UP,VF,3834,VF ON AIR,VF Commercial,2012,31-May-12,29-Jul-12,1-Jul-12
3966DE,GF,GF,DE,ET,4814,ET ON AIR,MN 27 KVA,2012,19-Jul-12,31-Aug-12,1-Aug-12
3037DE,GF,GF,DE,ET,4822,ET ON AIR,MN 27 KVA,2013,17-Jun-13,31-Aug-13,1-Jul-13
3959DE,GF,GF,DE,ET,4853,ET ON AIR,ET Commercial,2012,18-Jun-12,17-Sep-12,1-Jul-12
3978DE,GF,GF,DE,ET,4880,ET ON AIR,ET Commercial,2012,4-Nov-12,19-Dec-12,1-Dec-12
3532DE,GF,GF,DE,VF,D3214,VF ON AIR,1* VF 27 KVA,2012,26-Apr-12,27-May-12,1-Jun-12
3956DE,GF,GF,DE,ET,4920,ET ON AIR,ET commercial 17-2,2014,4-Aug-13,15-Apr-14,1-Sep-13
3934DE,GF,GF,DE,VF,4725,VF ON AIR,MN 27 KVA,2012,11-Sep-12,31-Oct-12,1-Oct-12
4148DE,GF,GF,DE,ET,4923,ET ON AIR,ET commercial,2013,28-Jul-13,30-Sep-13,1-Sep-13
3509UP,GF,GF,UP,VF,U4826,VF ON AIR,VF Commercial,2012,31-May-12,31-Jul-12,1-Jul-12
3796UP,GF,GF,UP,VF,3696,VF ON AIR,MN 27 KVA,2012,29-May-12,25-Nov-12,1-Jul-12
3977DE,GF,GF,DE,ET,4931,ET ON AIR,"MN 27 KVA, ET commercial 7-11-2016",2012,12-Aug-12,30-Sep-12,1-Sep-12
3957DE,GF,GF,DE,ET,4991,ET ON AIR,ET Commercial,2012,5-Jun-12,30-Aug-12,1-Jul-12
3958DE,GF,GF,DE,ET,4993,ET ON AIR,MN 27 KVA,2012,8-Jul-12,30-Aug-12,1-Aug-12
0683UP,GF,GF,UP,ET,5014,ET ON AIR,ET Commercial,2012,12-Nov-12,30-Dec-12,1-Dec-12
3103UP,GF,GF,UP,ET,5036,ET ON AIR,ET commercial,2013,20-Nov-12,17-Jan-13,1-Dec-12
3025UP,GF,GF,UP,ET,5067,ET ON AIR,ET commercial,2013,12-Dec-12,18-Feb-13,1-Jan-13
3964UP,GF,GF,UP,ET,5074,ET ON AIR,ET commercial 17-2,2014,4-May-14,30-Sep-14,1-Jun-14
4021DE,GF,GF,UP,VF,D3372,VF ON AIR,VF Commercial,2012,28-Aug-12,30-Sep-12,1-Oct-12
3367UP,GF,GF,UP,VF,U4863,VF ON AIR,VF Commercial,2012,28-Jun-12,9-Dec-12,1-Aug-12
3757UP,GF,GF,UP,VF,U4452,VF ON AIR,MN 27 KVA,2012,28-Jun-12,21-Nov-12,1-Aug-12
3197UP,GF,GF,UP,ET,5153,ET ON AIR,MN 27 KVA,2013,9-Dec-12,21-Jan-13,1-Jan-13
3459CA,GF,GF,CA,VF,K3531,VF ON AIR,EC VF,2012,24-May-12,30-Sep-12,1-Jun-12
3664UP,GF,GF,UP,ET,5162,ET ON AIR,ET Commercial,2012,19-Mar-12,30-Apr-12,1-Apr-12
3479UP,GF,GF,UP,ET,5175,ET ON AIR,ET Commercial,2012,12-Jun-12,29-Aug-12,1-Jul-12
3674UP,GF,GF,UP,ET,5216,ET ON AIR,ET Commercial 20-3-2016,2013,29-May-13,31-Aug-13,1-Jul-13
3699UP,GF,GF,UP,ET,5219,ET ON AIR,ET Commercial,2012,16-Sep-12,16-Nov-12,1-Oct-12
3862UP,GF,GF,UP,ET,5247,ET ON AIR,ET Commercial,2014,25-Dec-13,15-Apr-14,1-Jan-14
3265UP,GF,GF,UP,ET,5268,ET ON AIR,ET Commercial,2012,11-Mar-12,30-Apr-12,1-Apr-12
3784UP,GF,GF,UP,ET,5316,ET ON AIR,ET Commercial,2012,16-Sep-12,26-Nov-12,1-Oct-12
3749UP,GF,GF,UP,ET,5324,ET ON AIR,MN 27 KVA,2013,28-Feb-13,31-Jul-13,1-Apr-13
4065DE,GF,GF,DE,VF,D3893,VF ON AIR,MN 27 KVA,2012,11-Sep-12,30-Nov-12,1-Oct-12
3289UP,GF,GF,UP,VF,U4402,VF ON AIR,VF Commercial,2012,28-Jun-12,30-Aug-12,1-Aug-12
0901UP,GF,GF,CA,VF,786,VF ON AIR,VF Commercial,2013,14-Nov-13,31-Dec-13,1-Dec-13
0308UP,GF,GF,UP,VF,U4745,VF RD ON AIR,VF commercial,2012,29-Aug-12,12-Dec-12,1-Oct-12
3890UP,GF,GF,UP,VF,3884,VF ON AIR,VF Commercial,2012,30-Oct-12,30-Dec-12,1-Dec-12
3883UP,GF,GF,UP,ET,5348,ET ON AIR,MN 27 KVA,2013,19-Sep-13,30-Oct-13,1-Oct-13
3749CA,GF,GF,CA,VF,K3105,VF ON AIR,VF Commercial,2015,4-Aug-15,21-Dec-15,1-Sep-15
4012UP,RT,RT,UP,ET,2844,ET ON AIR,ET Commercial,2016,26-Jun-16,24-Oct-16,1-Aug-16
3685UP,GF,GF,UP,ET,5360,ET ON AIR,MN 27 KVA,2013,1-Nov-13,15-Dec-13,1-Dec-13
3679UP,GF,GF,UP,ET,5367,ET ON AIR,ET Commercial,2013,15-Sep-13,30-Sep-13,1-Oct-13
3974DE,GF,GF,DE,VF,D3039,VF ON AIR,VF commercial,2012,23-Oct-12,17-Dec-12,1-Nov-12
3778UP,GF,GF,UP,VF,3147,VF ON AIR,VF Commercial,2012,22-Aug-12,31-Oct-12,1-Sep-12
3810UP,GF,GF,UP,VF,U4555,VF ON AIR,VF Commercial,2012,30-Aug-12,30-Sep-12,1-Oct-12
3778CA,GF,GF,GZ,VF,2350,VF ON AIR,MN Commercial,2015,30-Oct-14,30-Apr-15,1-Nov-14
3286UP,GF,GF,UP,ET,5381,ET ON AIR,ET Commercial,2014,24-Mar-14,21-May-14,1-Apr-14
3111UP,GF,GF,UP,ET,5384,ET ON AIR,ET Commercial,2014,8-Dec-13,19-Jan-14,1-Jan-14
3119UP,GF,GF,UP,ET,5427,ET ON AIR,ET commercial 17-2,2012,31-Jan-12,30-Apr-12,1-Mar-12
4107DE,GF,GF,DE,VF,4622,VF ON AIR,VF Commercial,2012,24-Sep-12,17-Dec-12,1-Oct-12
3652UP,GF,GF,GZ,VF,K2175,VF ON AIR,VF Commercial,2015,30-Oct-14,30-Nov-15,1-Nov-14
3426UP,GF,GF,CA,VF,6031,VF ON AIR,VF 50 KVA,2012,13-Sep-12,24-Dec-12,1-Oct-12
3086UP,GF,GF,UP,ET,5462,ET ON AIR,ET Commercial,2012,31-Jan-12,23-Apr-12,1-Mar-12
3757CA,GF,GF,CA,VF,k3623,VF ON AIR,MN 27 KVA,2013,23-Jan-13,31-Mar-13,1-Feb-13
0972UP,GF,GF,UP,ET,5466,ET ON AIR,OR Generator,2014,10-Jul-14,30-Oct-14,1-Aug-14
3612UP,GF,GF,UP,ET,5478,ET ON AIR,ET Commercial,2012,28-Feb-12,15-May-12,1-Apr-12
0437UP,GF,GF,UP,ET,5510,ET ON AIR POWER SHARING,ET 27KVA,2013,1-Jan-13,1-Feb-13,1-Feb-13
3876DE,GF,GF,DE,VF,D3339,VF ON AIR,VF Commercial,2012,23-Sep-12,14-Nov-12,1-Oct-12
3691UP,GF,GF,UP,ET,5546,ET ON AIR,ET commercial,2012,20-Sep-12,26-Nov-12,1-Oct-12
3907UP,GF,GF,UP,ET,5566,ET ON AIR,MN 27 KVA,2013,29-May-13,30-Sep-13,1-Jul-13
0371UP,GF,GF,UP,ET,5568,ET ON AIR,MN 27 KVA,2014,7-Aug-14,30-Sep-14,1-Sep-14
3703UP,GF,GF,UP,ET,5574,ET ON AIR,ET commercial from3-2016,2013,5-Dec-12,23-Jan-13,1-Jan-13
3554CA,GF,GF,CA,VF,1288,VF ON AIR,VF Commercial,2016,1-Mar-15,20-Jan-16,1-Apr-15
0259DE,GF,GF,DE,VF,D3730,VF RD ON AIR,VF Commercial,2013,10-Feb-13,5-Jun-13,1-Mar-13
3146UP,GF,GF,UP,ET,5590,ET ON AIR,ET Commercial,2012,20-Sep-12,18-Dec-12,1-Oct-12
4126DE,GF,GF,DE,ET,4339,ET ON AIR,ET Commercial,2015,21-May-15,31-Aug-15,1-Jun-15
3899UP,GF,GF,UP,ET,5602,ET ON AIR,ET Commercial,2013,28-Feb-13,4-Jun-13,1-Apr-13
3421UP,GF,GF,UP,ET,5608,ET ON AIR,1*ET 27KVA,2012,20-Sep-12,23-Dec-12,1-Oct-12
3388UP,GF,GF,UP,ET,5704,ET ON AIR,ET Commercial,2012,13-Mar-12,21-Jun-12,1-Apr-12
3599UP,GF,GF,UP,ET,5714,ET ON AIR,ET commercial,2013,21-Jul-13,31-Aug-13,1-Aug-13
3893UP,GF,GF,UP,ET,5790,ET ON AIR,ET Commercial,2013,20-Feb-13,29-Apr-13,1-Mar-13
3863UP,GF,GF,UP,VF,3565,VF ON AIR,VF Commercial,2013,20-Feb-13,28-May-13,1-Mar-13
3806UP,GF,GF,UP,VF,6474,VF ON AIR,VF Commercial,2013,26-Feb-13,13-May-13,1-Apr-13
3522UP,GF,GF,UP,ET,5793,ET ON AIR,ET Commercial,2012,22-Jan-12,10-Apr-12,1-Feb-12
3420UP,GF,GF,UP,ET,5805,ET ON AIR,ET Commercial,2012,8-Apr-12,28-Jun-12,1-May-12
3877UP,GF,GF,UP,ET,5846,ET ON AIR,ET commercial 17-2,2013,20-Nov-12,28-Feb-13,1-Dec-12
4045CA,RT,RT,GZ,VF,62,VF ON AIR,VF Commercial,2016,30-Jun-15,31-Aug-16,1-Aug-15
4132DE,GF,GF,DE,VF,2460,VF ON AIR,VF Commercial,2012,3-Dec-12,31-Dec-12,1-Jan-13
0996UP,GF,GF,UP,VF,3727,VF ON AIR,MN 27KVA,2015,3-Dec-14,27-Feb-15,1-Jan-15
3161UP,GF,GF,UP,VF,U4586,VF ON AIR,VF Generator,2014,19-Sep-13,1-Jan-14,1-Oct-13
0337RE,GF,GF,RE,VF,3012,VF ON AIR,Owner Power,2014,19-May-14,31-Dec-14,1-Jun-14
3268UP,GF,GF,UP,VF,U4549,VF ON AIR,VF Commercial,2012,30-Oct-12,23-Dec-12,1-Dec-12
3769UP,GF,GF,UP,ET,5981,ET ON AIR,ET Commercial,2012,5-Jul-12,28-Oct-12,1-Aug-12
4114DE,GF,GF,DE,VF,6329,VF ON AIR,VF Commercial,2014,16-Oct-14,22-Dec-14,1-Nov-14
3795DE,GF,GF,DE,VF,D3036,VF ON AIR,MN 27 KVA,2013,8-Apr-13,30-Apr-13,1-May-13
3755UP,GF,GF,UP,VF,U4743,VF ON AIR,VF Commercial,2012,30-Oct-12,30-Dec-12,1-Dec-12
0228RE,GF,GF,RE,ET,6167,ET RD ON AIR,ET Commercial,2012,5-Jul-12,18-Sep-12,1-Aug-12
0517SI,GF,GF,SI,ET,6242,ET ON AIR,ET commercial 31-8,2013,8-Oct-12,26-Jan-13,1-Nov-12
0842AL,GF,GF,AL,VF,2037,VF ON AIR,VF Commercial,2015,25-May-15,31-Aug-15,1-Jun-15
3159UP,GF,GF,UP,VF,3715,VF ON AIR,VF Commercial,2015,3-Dec-14,19-Feb-15,1-Jan-15
0413SI,GF,GF,SI,ET,6249,ET ON AIR,MN 27 KVA,2012,30-May-12,29-Jul-12,1-Jul-12
3846DE,GF,GF,DE,ET,1683,ET ON AIR,MN 27KVA,2014,25-Sep-14,30-Nov-14,1-Oct-14
3882UP,GF,GF,UP,VF,U4486 ,VF ON AIR,VF Commercial,2013,14-Nov-13,22-Dec-13,1-Dec-13
3717UP,GF,GF,UP,VF,U4913,VF ON AIR,MN 27 KVA,2013,13-Nov-12,30-Apr-13,1-Dec-12
0415RE,GF,GF,RE,ET,6258,ET ON AIR,ET 50 KVA,2014,24-Dec-13,15-Apr-14,1-Jan-14
0182SI,GF,GF,SI,ET,6336,ET RD ON AIR,1* ET 27 KVA,2012,27-Aug-12,22-Nov-12,1-Oct-12
0298RE,GF,GF,RE,ET,6399,ET ON AIR,ET commercial 30-8,2012,16-Feb-12,30-Apr-12,1-Mar-12
3784DE,GF,GF,DE,VF,D3230,VF ON AIR,VF Commercial,2013,3-Apr-13,30-Apr-13,1-May-13
3738DE,GF,GF,DE,VF,D3263,VF ON AIR,MN 27 KVA,2013,24-Dec-12,30-Jan-13,1-Jan-13
4093DE,GF,GF,DE,VF,D3479,VF ON AIR,VF Commercial,2012,2-Dec-12,30-Dec-12,1-Jan-13
0380RE,GF,GF,RE,VF,R2851,VF ON AIR,Owner Power,2013,15-Oct-13,20-Oct-13,1-Nov-13
0525SI,GF,GF,SI,ET,6425,ET ON AIR,MN 27 KVA,2014,28-Jul-14,30-Sep-14,1-Sep-14
7095SI,GF,GF,SI,ET,6465,ET TX Rep ON AIR,TX REPEATER,2013,6-Sep-12,12-Nov-13,1-Oct-12
0511SI,GF,GF,SI,ET,6467,ET ON AIR,MN 27 KVA,2012,6-Sep-12,23-Dec-12,1-Oct-12
7093SI,GF,GF,SI,ET,6468,ET TX Rep ON AIR,TX REPEATER,2012,6-Sep-12,23-Dec-12,1-Oct-12
3860UP,GF,GF,UP,VF,U4739,VF ON AIR,VF Commercial,2014,14-Nov-13,19-Feb-14,1-Dec-13
0512SI,GF,GF,SI,ET,6477,ET ON AIR,MN 27 KVA,2012,12-Aug-12,30-Sep-12,1-Sep-12
0197SI,GF,GF,SI,ET,6481,ET ON AIR,1*ET 27KVA,2012,23-Apr-12,30-Nov-12,1-May-12
4112DE,GF,GF,DE,VF,5724,VF RD ON AIR,VF Commercial,2012,11-Dec-12,30-Dec-12,1-Jan-13
0417RE,GF,GF,RE,VF,3343,VF ON AIR,MN 27 KVA,2013,15-Sep-13,20-Oct-13,1-Oct-13
7092SI,GF,GF,SI,ET,6482,ET TX Rep ON AIR,TX REPEATER,2012,12-Aug-12,30-Nov-12,1-Sep-12
0405RE,GF,GF,RE,ET,6505,ET ON AIR,ET commercial 17-2,2014,1-Dec-13,3-Apr-14,1-Jan-14
0329RE,GF,GF,RE,ET,6508,ET ON AIR,ET Commercial,2013,28-Feb-13,28-Jun-13,1-Apr-13
0804AL,GF,GF,AL,VF,2166,VF ON AIR,VF commercial,2013,29-Apr-13,30-Jul-13,1-Jun-13
0411RE,GF,GF,RE,ET,6519,ET ON AIR,MN 27 KVA,2014,1-Dec-13,30-Apr-14,1-Jan-14
0404RE,GF,GF,RE,ET,6545,ET ON AIR,MN 27 KVA,2012,16-Sep-12,25-Nov-12,1-Oct-12
3739UP,GF,GF,UP,VF,U4466,VF ON AIR,MN 27KVA,2015,16-Nov-14,31-Jan-15,1-Dec-14
3490UP,GF,GF,UP,VF,3747,VF ON AIR,MN 27KVA,2014,19-Dec-13,9-Feb-14,1-Jan-14
3780CA,GF,GF,CA,ET,CAI0374,ET ON AIR,1* ET 27 KVA,2013,1-Nov-13,24-Nov-13,1-Dec-13
0386UP,GF,GF,UP,VF,3194,VF ON AIR POWER SHARING,VF Commercial,2014,12-Sep-13,1-May-14,1-May-14
0220SI,GF,GF,SI,VF,R2839,VF RD ON AIR,VF Commercial,2013,30-Apr-13,23-May-13,1-Jun-13
3606CA,GF,GF,CA,ET,CAI0406,ET ON AIR,MN 50KVA,2013,29-May-13,10-Oct-13,1-Jul-13
0570DE,GF,GF,CA,ET,CAI1018,ET ON AIR,1* ET 27 KVA,2012,8-Mar-12,29-Jul-12,1-Apr-12
3891DE,GF,GF,DE,VF,6312,VF ON AIR,VF Commercial,2014,15-Oct-14,30-Nov-14,1-Nov-14
3383DE,GF,GF,CA,ET,CAI1022,ET ON AIR,ET 27 KVA,2011,26-Oct-11,31-Dec-11,1-Jan-12
3999DE,GF,GF,DE,VF,4913,VF ON AIR,MN 27 KVA,2013,9-Sep-13,30-Sep-13,1-Oct-13
0733UP,GF,GF,CA,ET,CAI1208,ET ON AIR,ET Commercial,2012,28-Mar-12,31-May-12,1-May-12
3609CA,GF,GF,CA,ET,CAI1520,ET ON AIR,ET 50 KVA,2013,1-Nov-13,31-Dec-13,1-Dec-13
3787DE,GF,GF,DE,VF,5902,VF ON AIR,VF Commercial,2013,19-Sep-13,21-Oct-13,1-Oct-13
4152DE,GF,GF,DE,VF,D3299,VF ON AIR,VF Commercial,2015,7-Oct-15,31-Dec-15,1-Nov-15
3964DE,GF,GF,DE,ET,CAI1639,ET ON AIR,ET 50 KVA,2012,3-Apr-12,27-Apr-12,1-May-12
3787CA,GF,GF,CA,VF,K2414,VF ON AIR,VF Commercial,2014,27-Aug-14,24-Dec-14,1-Oct-14
3601CA,GF,GF,CA,ET,CAI1680,ET ON AIR,ET commercial,2013,10-Dec-12,30-Jan-13,1-Jan-13
3724CA,GF,GF,CA,ET,CAI1683,ET ON AIR,ET Commercial,2012,17-Apr-12,13-Jul-12,1-May-12
0598DE,GF,GF,DE,VF,5572,VF ON AIR,VF Commercial,2015,7-Sep-15,28-Dec-15,1-Oct-15
3981UP,GF,GF,UP,VF,3482,VF ON AIR,VF Commercial,2014,9-Dec-13,15-Jan-14,1-Jan-14
3325CA,GF,GF,CA,ET,CAI2230,ET ON AIR,ET Commercial,2014,20-Nov-13,30-Mar-14,1-Dec-13
3548DE,GF,GF,DE,VF,4532,VF ON AIR,VF 27KVA,2014,12-Nov-14,16-Dec-14,1-Dec-14
3900CA,GF,GF,GZ,ET,CAI2256,ET ON AIR,MN 27KVA,2014,16-Jun-14,30-Sep-14,1-Jul-14
4279DE,GF,GF,DE,ET,CAI2284,ET ON AIR,MN 27KVA,2014,15-Jun-14,23-Oct-14,1-Jul-14
0564UP,GF,GF,GZ,ET,CAI2420,ET ON AIR,ET 27KVA,2015,19-May-14,10-Feb-15,1-Jun-14
0805AL,GF,GF,AL,VF,2848,VF ON AIR,VF Commercial,2014,6-Jan-14,30-May-14,1-Feb-14
0005DE,GF,GF,DE,VF,2365,VF RD ON AIR,VF Commercial,2014,27-Oct-13,5-Mar-14,1-Dec-13
7106UP,GF,GF,UP,VF,U3476,VF TX Rep ON AIR,MN 27 KVA,2014,7-Jul-13,4-Feb-14,1-Aug-13
3382DE,GF,GF,CA,VF,K3233,VF ON AIR,1* VF 27 KVA,2014,13-Feb-14,31-Jul-14,1-Mar-14
3723CA,GF,GF,CA,ET,CAI2447,ET ON AIR,ET Commercial,2012,13-Jun-12,30-Sep-12,1-Jul-12
3568CA,GF,GF,CA,ET,CAI2488,ET ON AIR,ET 50 KVA,2011,26-Oct-11,26-Dec-11,1-Jan-12
3245CA,GF,GF,CA,ET,CAI2492,ET ON AIR,ET commercial,2013,19-Sep-13,31-Oct-13,1-Oct-13
3486UP,GF,GF,CA,ET,CAI2698,ET ON AIR,1* ET 27 KVA,,16-Feb-12,9-May-12,1-Mar-12
3990UP,GF,GF,UP,VF,3587,VF ON AIR,VF commercial,2013,18-Sep-13,31-Oct-13,1-Oct-13
3382UP,GF,GF,GZ,ET,CAI2761,ET ON AIR,ET Commercial,2014,4-May-14,25-Sep-14,1-Jun-14
3764CA,GF,GF,CA,VF,X5534,VF ON AIR,Owner Power,2014,19-Sep-13,30-Mar-14,1-Oct-13
0631DE,GF,GF,DE,ET,CAI2770,ET ON AIR,MN 27 KVA,2014,25-Mar-14,30-Apr-14,1-Apr-14
0838AL,GF,GF,AL,VF,4128,VF ON AIR,VF Commercial,2014,6-Apr-14,28-Apr-14,1-May-14
3896CA,GF,GF,CA,VF,K5405,VF ON AIR,VF Commercial,2014,14-Jan-14,30-Apr-14,1-Feb-14
3819CA,GF,GF,CA,VF,K5403,VF ON AIR,VF Commercial,2014,16-Feb-14,9-Sep-14,1-Mar-14
4209DE,GF,GF,DE,VF,D3160,VF ON AIR,MN 27KVA,2014,12-Feb-14,3-Mar-14,1-Mar-14
3732DE,GF,GF,DE,ET,1506,ET ON AIR,ET Commercial,2016,28-Oct-15,9-Oct-16,1-Dec-15
3274DE,GF,GF,DE,ET,CAI2771,ET ON AIR,ET 50 KVA,2012,7-Apr-12,31-May-12,1-May-12
0866AL,GF,GF,AL,VF,4491,VF ON AIR,VF Commercial,2014,1-Jul-14,20-Jul-14,1-Aug-14
3907CA,GF,GF,CA,VF,319,VF ON AIR,VF Commercial,2015,2-Dec-14,28-Feb-15,1-Jan-15
3916CA,GF,GF,CA,VF,K4262,VF ON AIR,VF Commercial,2014,10-Sep-14,30-Nov-14,1-Oct-14
0751UP,GF,GF,CA,ET,CAI2785,ET ON AIR,ET 50 KVA,2012,15-Dec-11,26-Feb-12,1-Jan-12
3711CA,GF,GF,CA,ET,CAI2870,ET ON AIR,ET Commercial,2012,19-Apr-12,30-Jun-12,1-May-12
3788CA,GF,GF,CA,ET,CAI2903,ET ON AIR,1* ET 27 KVA,2014,20-Nov-13,6-Feb-14,1-Dec-13
3837CA,RT,RT,CA,VF,200,VF ON AIR,VF Commercial,2016,14-Sep-15,22-Mar-16,1-Oct-15
3673CA,GF,GF,CA,ET,CAI2971,ET ON AIR,ET 50 KVA,2013,29-May-13,30-Sep-13,1-Jul-13
3502CA,GF,GF,CA,ET,CAI2986,ET ON AIR,1* ET 27 KVA,2012,26-Apr-12,11-Jul-12,1-Jun-12
4066UP,RT,RT,UP,ET,5432,ET ON AIR,ET Commercial,2015,9-Jun-15,30-Oct-15,1-Jul-15
4092DE,GF,GF,DE,VF,D3484,VF ON AIR,VF commercial,2015,23-Oct-14,16-Mar-15,1-Dec-14
3674CA,GF,GF,CA,ET,CAI2995,ET ON AIR,ET Commercial,2013,19-Sep-13,23-Oct-13,1-Oct-13
3835CA,GF,GF,CA,ET,CAI3295,ET ON AIR,1* ET 27 KVA,2013,1-Nov-13,10-Dec-13,1-Dec-13
4058UP,GF,GF,UP,ET,1349,ET ON AIR,ET Commercial,2014,11-Nov-14,17-Dec-14,6-Jul-05
7097SI,GF,GF,SI,ET,REP 6,ET TX Rep ON AIR,TX REPEATER,2013,20-Mar-13,12-Nov-13,1-Apr-13
4134DE,RT,RT,DE,ET,2066,ET ON AIR,ET Commercial,2014,1-Dec-14,28-Dec-14,1-Jan-15
0893AL,GF,GF,AL,VF,2023,VF ON AIR,VF Commercial,2014,10-Jul-14,31-Jul-14,1-Aug-14
0392SI,GF,GF,SI,VF,R2507,VF RD ON AIR,VF Commercial,2014,19-May-14,31-Jul-14,1-Jun-14
4050CA,RT,RT,GZ,VF,392,VF ON AIR,VF Commercial,2016,8-Nov-15,4-May-16,31-Dec-99
0337UP,GF,GF,UP,ET,5287,ET ON AIR,"MN 27KVA, ET generator 29-5-2016",2015,24-Aug-15,20-Dec-15,1-Sep-15
3775UP,RT,RT,UP,VF,3080,VF ON AIR,VF Commercial,2015,10-Aug-15,22-Nov-15,1-Sep-15
3647UP,GF,GF,GZ,ET,CAI1213,ET ON AIR,MN 27KVA,2015,21-May-15,13-Dec-15,1-Jun-15
3946CA,GF,GF,CA,VF,1222,VF ON AIR,VF Commercial,2016,4-Feb-16,11-May-16,31-Dec-99
7094SI,GF,GF,SI,ET,REP 7 ,ET TX Rep ON AIR,TX REPEATER,2013,6-Sep-12,12-Nov-13,1-Oct-13
3892CA,GF,GF,CA,VF,K4240,VF ON AIR,VF Gen,2014,3-Jun-14,31-Jul-14,1-Jul-14
3894CA,GF,GF,CA,VF,K3236,VF ON AIR,VF Gen,2014,3-Jun-14,15-Oct-10,1-Jul-14
0194SI,GF,GF,UP,ET,REP18,ET ON AIR,1* VF 27 KVA,2012,22-Jul-12,30-Nov-12,1-Aug-12
0895AL,GF,GF,AL,VF,2378,VF ON AIR,VF commercial,2014,1-Jul-14,19-Aug-14,1-Aug-14
0981DE,GF,GF,DE,VF,D3158,VF ON AIR,VF Commercial,2015,30-Nov-14,23-Mar-15,1-Dec-14
4004UP,GF,GF,UP,VF,3434,VF ON AIR,VF Commercial,2014,16-Nov-14,31-Dec-14,1-Dec-14
0637AL,GF,GF,NC,ET,ALX3465,ET ON AIR,ET 50 KVA,2013,25-Aug-13,30-Sep-13,1-Sep-13
4062CA,GF,GF,CA,VF,1298,VF ON AIR,VF commercial,2016,16-Nov-14,29-Aug-16,1-Dec-14
3203DE,RT,RT,DE,ET,1947,ET ON AIR,ET Commercial,2016,10-Oct-16,31-Dec-16,1-Nov-16
3295UP,GF,GF,GZ,VF,4009,VF ON AIR,MN 27KVA,2015,30-Oct-14,31-Aug-15,1-Nov-14
4070UP,RT,GF,UP,VF,3292,VF ON AIR,VF Commercial,2015,10-Mar-15,30-Jun-15,1-Apr-15
4079UP,RT,RT,UP,VF,3070,VF ON AIR,VF Commercial,2015,27-Aug-15,31-Dec-15,1-Oct-15
4100UP,RT,RT,UP,VF,3484,VF ON AIR,VF Commercial,2015,27-Aug-15,30-Nov-15,1-Oct-15
4096CA,RT,RT,CA,VF,1868,VF ON AIR,VF Commercial,2016,28-Dec-15,6-Oct-16,1-Feb-16
4104UP,RT,RT,UP,VF,3469,VF ON AIR,VF Commercial,2015,5-Aug-15,23-Nov-15,1-Sep-15
3916UP,RT,GF,UP,VF,3532,VF ON AIR,VF Commercial,2015,7-Oct-15,21-Dec-15,1-Nov-15
4118UP,GF,GF,UP,VF,3166,VF ON AIR,VF Commercial,2014,23-Oct-14,22-Dec-14,1-Nov-14
4343CA,GF,GF,CA,VF,1884,VF ON AIR,VF Commercial,2016,29-Dec-15,4-Sep-16,1-Feb-16
0906AL,RT,RT,AL,ET,3090,ET ON AIR,Owner Power,2015,1-Feb-15,30-Apr-15,1-Aug-14
0897AL,RT,RT,AL,ET,3217,ET ON AIR,Owner Power,2014,2-Oct-14,30-Nov-14,1-Nov-14
3460CA,RT,RT,CA,VF,K2523,VF ON AIR,Owner Power,2013,1-Sep-13,16-Sep-13,1-Oct-13
0419UP,RT,RT,UP,VF,3452,VF ON AIR,Owner Power,2009,1-Jun-09,1-Jul-09,1-Jan-14
0408UP,RT,RT,UP,VF,3191,VF ON AIR,Owner Power,2009,1-Jun-09,1-Jul-09,1-Jan-14
3587UP,RT,RT,UP,ET,1476,ET ON AIR,ET Commercial,2014,19-May-14,26-Jun-14,1-Jun-14
0101DE,RT,RT,DE,VF,4765,VF RD ON AIR,Owner Power,2013,28-Dec-13,31-Dec-13,1-Feb-14
0921AL,RT,RT,AL,VF,2112,VF ON AIR,VF Commercial,2015,25-Apr-15,31-Aug-15,1-May-15
4276DE,RT,RT,DE,ET,1888,ET ON AIR,ET Commercial,2014,19-May-14,30-Jun-14,1-Jun-14
3469UP,RT,RT,UP,ET,2337,ET ON AIR,ET Commercial,2014,13-Jul-14,31-Oct-14,1-Aug-14
3921UP,RT,RT,UP,ET,5512,ET ON AIR,ET Commercial,2014,16-Oct-14,23-Dec-14,1-Nov-14
4267DE,RT,RT,DE,ET,987,ET ON AIR,ET Commercial,2016,30-Sep-15,6-Mar-16,1-Nov-15
4131CA,RT,RT,CA,VF,1888,VF ON AIR,VF Commercial,2016,23-Feb-16,17-Aug-16,1-Mar-16
0867AL,RT,RT,NC,ET,3673,ET ON AIR,ET Commercial,2014,13-Apr-14,18-Jun-14,1-May-14
0863AL,RT,RT,AL,VF,2043,VF ON AIR,Owner Power,2014,23-Apr-14,31-Jul-14,1-May-14
4251DE,RT,RT,DE,VF,765,VF ON AIR,VF Commercial,2014,15-Oct-14,24-Nov-14,1-Nov-14
3480CA,RT,RT,CA,VF,1909,VF ON AIR,VF Commercial,2015,17-Aug-15,13-Dec-15,1-Sep-15
3597CA,RT,RT,CA,ET,CAI2840,ET ON AIR,Owner Power,2015,5-Mar-15,31-Jul-15,1-Apr-15
3326CA,RT,RT,CA,VF,K2196,VF ON AIR,VF Commercial,2016,3-Sep-15,10-Jan-16,1-Oct-15
3249CA,RT,RT,CA,VF,K2594,VF ON AIR,VF Commercial,2015,2-Dec-14,30-Mar-15,1-Jan-15
4180CA,RT,RT,CA,VF,333,VF ON AIR,VF Commercial,2016,8-Dec-15,11-Dec-16,1-Jan-16
3794CA,RT,RT,CA,ET,CAI0177,ET ON AIR,Owner Power,2014,25-Sep-14,22-Dec-14,1-Oct-14
3686CA,RT,RT,GZ,VF,637,VF ON AIR,VF Commercial,2016,16-Sep-15,9-Feb-16,1-Oct-15
4097CA,RT,RT,CA,VF,1895,VF ON AIR,VF Commercial,2016,13-Jan-16,17-Apr-16,1-Feb-16
4106CA,RT,RT,CA,VF,1926,VF ON AIR,VF Commercial,2016,20-Dec-15,17-Apr-16,1-Jan-16
3405CA,RT,RT,GZ,VF,K3113,VF ON AIR,VF Commercial,2015,21-Oct-15,30-Dec-15,1-Nov-15
0405AL,RT,RT,AL,ET,3866,ET ON AIR,Owner Power,2015,15-Feb-15,24-May-15,1-Sep-14
3802CA,RT,RT,CA,VF,1506,VF ON AIR,VF Commercial,2015,2-Dec-14,30-Nov-15,1-Jan-15
3362CA,RT,RT,GZ,VF,K3194,VF ON AIR,VF Commercial,2015,13-Sep-15,30-Nov-15,1-Oct-15
0438RE,RT,RT,RE,VF,4027,VF ON AIR,VF Commercial,2015,30-Oct-14,21-Jan-15,1-Nov-14
0641CA,RT,RT,CA,VF,K4297,VF ON AIR,Owner Power,2014,10-Feb-14,7-Apr-14,1-Mar-14
3482CA,RT,RT,CA,VF,K4517,VF ON AIR,Owner Power,2014,10-Feb-14,30-Apr-14,1-Mar-14
3212DE,RT,RT,DE,ET,4067,ET ON AIR,ET Commercial,2014,4-May-14,31-Dec-14,1-Jun-14
4272DE,RT,RT,DE,ET,4385,ET ON AIR,ET Commercial,2014,16-Nov-14,21-Dec-14,1-Dec-14
0073DE,RT,RT,DE,ET,4311,ET ON AIR,MN Commercial,2014,1-Jun-14,20-Nov-14,1-Jul-14
3597DE,RT,RT,DE,ET,4321,ET ON AIR,ET Commercial,2014,22-Jun-14,31-Dec-14,1-Jul-14
3895CA,RT,RT,GZ,ET,CAI1356,ET ON AIR,ET Commercial,2015,14-Aug-15,31-Jul-15,1-Sep-15
3902CA,RT,RT,GZ,VF,490,VF ON AIR,VF commercial,2015,22-Feb-15,31-Jul-15,1-Mar-15
3826UP,RT,RT,UP,ET,5514,ET ON AIR,ET Commercial,2014,13-Jul-14,30-Sep-14,1-Aug-14
3917CA,RT,RT,CA,VF,K5020,VF ON AIR,Owner Power,2014,25-May-14,12-Aug-14,1-Jun-14
0559CA,RT,RT,CA,VF,487,VF ON AIR,VF Commercial,2014,14-Aug-14,31-Oct-14,1-Sep-14
0588UP,RT,RT,UP,ET,5768,ET ON AIR,ET Commercial,2014,13-Jul-14,31-Oct-14,1-Aug-14
0893DE,RT,RT,DE,VF,5654,VF ON AIR,VF Commercial,2014,2-Nov-14,15-Dec-14,1-Dec-14
3593DE,GF,GF,DE,ET,1282,ET ON AIR,ET Commercial,2016,27-Oct-16,31-Dec-16,31-Dec-99
3939DE,RT,RT,SI,ET,6095,ET RD ON AIR,Owner Power,2012,29-Feb-12,3-Apr-12,1-Jan-14
4096UP,RT,RT,CA,ET,5655,ET ON AIR,ET Commercial,2014,2-Oct-14,10-Dec-14,1-Nov-14
0518SI,RT,RT,SI,ET,6171,ET ON AIR,ET Commercial,2014,10-Aug-14,30-Nov-14,1-Sep-14
3889CA,RT,RT,CA,ET,CAI0026,ET ON AIR,ET Commercial,2014,28-Jun-14,31-Oct-14,1-Aug-14
0279DE,RT,RT,DE,ET,4027,ET ON AIR,,2016,24-Aug-15,22-Feb-16,1-Sep-15
3688CA,RT,RT,CA,ET,CAI0028,ET ON AIR,Owner Power,2014,23-Mar-14,25-May-14,1-Apr-14
3963CA,RT,RT,CA,ET,CAI0042,ET ON AIR,Owner Power,2014,22-Jun-14,13-Oct-14,1-Jul-14
3964CA,RT,RT,CA,ET,CAI0107,ET ON AIR,ET Commercial,2014,10-Aug-14,23-Dec-14,1-Sep-14
4031UP,RT,RT,GZ,ET,CAI0289,ET ON AIR,Owner Power,2014,22-Jun-14,25-Sep-14,1-Jul-14
4119UP,RT,RT,UP,ET,5027,ET ON AIR,ET Commercial,2014,25-Sep-14,28-Dec-14,1-Oct-14
3060CA,RT,RT,CA,ET,CAI0464,ET ON AIR,ET commercial 31-8,2014,13-Apr-14,31-Jul-14,1-May-14
3382CA,RT,RT,CA,ET,CAI0488,ET ON AIR,ET Commercial,2014,1-Jun-14,24-Aug-14,1-Jul-14
3992CA,RT,RT,CA,ET,CAI0497,ET ON AIR,ET Commercial,2014,17-Aug-14,31-Oct-14,1-Sep-14
0436RE,RT,RT,RE,ET,6435,ET ON AIR,Owner Power,2015,30-Oct-14,30-Sep-15,1-Dec-14
3993CA,RT,RT,CA,ET,CAI0526,ET ON AIR,ET Commercial,2014,28-Jun-14,23-Sep-14,1-Aug-14
3997CA,RT,RT,CA,ET,CAI0060,ET ON AIR,ET Commercial,2014,23-Oct-14,21-Dec-14,1-Nov-14
3813CA,RT,RT,GZ,ET,CAI0529,ET ON AIR,ET Commercial,2014,16-Jun-14,30-Nov-14,1-Jul-14
4107UP,RT,RT,UP,ET,5347,ET ON AIR,ET Commercial,2014,11-Nov-14,29-Dec-14,1-Dec-14
3383CA,RT,RT,CA,ET,CAI0597,ET ON AIR,ET Commercial,2014,17-Aug-14,31-Oct-14,1-Sep-14
4102UP,GF,GF,UP,VF,3485,VF ON AIR,ET Commercial,2016,7-Aug-16,29-Mar-17,1-Sep-16
3456CA,RT,RT,CA,ET,CAI0629,ET ON AIR,ET Commercial,2014,22-Jun-14,16-Dec-14,1-Jul-14
4072CA,RT,RT,CA,VF,1981,VF ON AIR,VF Commercial,2016,9-Feb-16,7-Nov-16,1-Mar-16
4009CA,RT,RT,CA,ET,CAI0322,ET ON AIR,ET Commercial,2015,25-Sep-14,31-Oct-15,1-Oct-14
3996CA,RT,RT,CA,ET,CAI0639,ET ON AIR,ET Commercial,2014,10-Aug-14,31-Oct-14,1-Sep-14
3951CA,RT,RT,CA,VF,1920,VF ON AIR,VF Commercial,2016,8-Nov-15,5-Apr-16,1-Dec-15
3793CA,RT,RT,CA,ET,CAI0400,ET ON AIR,ET Commercial,2015,30-Oct-14,9-Feb-15,1-Dec-14
0470RE,RT,RT,RE,ET,6303,ET ON AIR,ET Commercial,2014,25-Sep-14,21-Dec-14,1-Oct-14
3691CA,RT,RT,CA,ET,CAI0745,ET ON AIR,Owner Power,2014,13-Apr-14,30-Nov-14,1-May-14
4003CA,RT,RT,CA,ET,CAI0756,ET ON AIR,ET Commercial,2014,10-Aug-14,22-Oct-14,1-Sep-14
3504CA,RT,RT,CA,ET,CAI1039,ET ON AIR,Owner Power,2014,1-Jun-14,26-Aug-14,1-Jul-14
0386CA,RT,RT,CA,ET,CAI1300,ET ON AIR,ET Commercial,2015,6-Jul-14,30-Apr-15,1-Aug-14
3943CA,RT,RT,CA,ET,CAI1467,ET ON AIR,ET Commercial,2014,19-May-14,31-Oct-14,1-Jun-14
3100CA,RT,RT,CA,ET,CAI1502,ET ON AIR,Owner Power,2014,4-May-14,31-Dec-14,1-Jun-14
4011CA,RT,RT,CA,ET,CAI1571,ET ON AIR,ET Commercial,2014,22-Jun-14,15-Oct-14,1-Jul-14
0342SI,RT,RT,SI,ET,6220,ET ON AIR,ET Commercial,2015,1-Dec-14,9-Mar-15,1-Jan-15
0555SI,GF,GF,SI,ET,6246,ET ON AIR,Owner Power,2015,5-Apr-15,12-Jul-15,1-May-15
4043CA,RT,GF,CA,ET,CAI1740,ET ON AIR,MN 50KVA,2015,1-Apr-14,30-Sep-15,1-May-14
4012CA,RT,RT,CA,ET,CAI1971,ET ON AIR,ET Commercial,2014,17-Aug-14,16-Dec-14,1-Sep-14
3404CA,RT,RT,CA,ET,CAI2057,ET ON AIR,ET Commercial,2014,13-Jul-14,24-Nov-14,1-Aug-14
 3838CA,RT,RT,CA,ET,CAI0462,ET ON AIR,Owner Power,2014,25-Sep-14,18-Nov-14,1-Nov-14
3999CA,RT,RT,CA,ET,CAI0731,ET ON AIR,ET Commercial,2015,9-Jun-15,28-Oct-15,1-Jul-15
3754CA,GF,GF,CA,ET,CAI1478,ET ON AIR,MN 27KVA,2015,10-Mar-15,14-Sep-15,1-Apr-15
3965CA,RT,RT,CA,ET,CAI0155,ET ON AIR,ET Commercial,2015,1-Feb-15,17-May-15,1-Mar-15
4025CA,RT,RT,CA,ET,CAI1704,ET ON AIR,Owner Power,2014,4-Sep-14,30-Nov-14,1-Oct-14
4005CA,RT,RT,CA,ET,CAI1910,ET ON AIR,ET Commercial,2014,4-Sep-14,29-Dec-14,1-Oct-14
4010CA,RT,RT,CA,ET,CAI0758,ET ON AIR,ET Commercial,2015,30-Sep-15,30-Dec-15,1-Nov-15
4026CA,RT,RT,CA,ET,CAI2146,ET ON AIR,ET Commercial,2014,10-Aug-14,17-Dec-14,1-Sep-14
3975CA,RT,RT,CA,ET,CAI2007,ET ON AIR,ET Commercial,2014,23-Oct-14,31-Dec-14,1-Nov-14
3995CA,RT,RT,CA,ET,CAI0619,ET ON AIR,ET Commercial,2015,23-Oct-14,28-Feb-15,1-Nov-14
4027CA,RT,RT,CA,ET,CAI2164,ET ON AIR,ET Commercial,2015,24-Aug-14,22-Jan-15,1-Sep-14
3096DE,GF,GF,CA,ET,CAI1021,ET ON AIR,MN 27KVA,2015,16-Oct-14,18-Mar-15,1-Nov-14
3945CA,RT,RT,CA,ET,CAI2193,ET ON AIR,ET Commercial,2014,17-Aug-14,23-Nov-14,1-Sep-14
0785CA,RT,RT,CA,ET,CAI2211,ET ON AIR,ET Commercial,2015,6-Jul-14,18-Feb-15,1-Aug-14
4032UP,RT,RT,CA,ET,CAI2253,ET ON AIR,Owner Power,2014,13-Jul-14,30-Sep-14,1-Aug-14
0236AL,RT,RT,AL,ET,3493,ET ON AIR,Orange Power,2016,27-Oct-16,31-Dec-16,1-Dec-16
4000CA,RT,RT,CA,ET,CAI2318,ET ON AIR,ET Commercial,2014,19-May-14,18-Aug-14,1-Jun-14
3298CA,RT,RT,CA,ET,CAI2476,ET ON AIR,ET Commercial,2014,19-May-14,31-Jul-14,1-Jun-14
3967CA,RT,RT,CA,ET,CAI0371,ET ON AIR,,2016,10-Mar-15,16-Feb-16,1-Apr-15
4016UP,RT,RT,UP,ET,2472,ET ON AIR,ET Commercial,2016,3-Nov-16,31-Dec-16,1-Dec-16
3944CA,RT,RT,CA,ET,CAI2185,ET ON AIR,Owner Power,2016,19-May-15,28-Jul-16,1-Jun-15
0422AL,GF,GF,AL,ET,3907,ET ON AIR,ET Generator,2016,10-Feb-16,3-Nov-16,1-Mar-16
3989CA,RT,RT,CA,ET,CAI2434,ET ON AIR,ET Commercial,2014,4-Sep-14,20-Nov-14,1-Oct-14
3994CA,RT,RT,CA,ET,CAI0593,ET ON AIR,Owner Power,2015,17-May-15,31-Oct-15,1-Jun-15
3040CA,RT,RT,CA,ET,CAI2601,ET ON AIR,ET Commercial,2014,24-Aug-14,22-Oct-14,1-Sep-14
4263DE,GF,GF,DE,ET,CAI1538,ET ON AIR,MN 27KVA,2015,14-Dec-14,12-Mar-15,1-Jan-15
3976CA,RT,RT,CA,ET,CAI1444,ET ON AIR,Owner Power,2015,16-Oct-14,31-Jan-15,1-Nov-14
4028CA,RT,RT,CA,ET,CAI2638,ET ON AIR,ET Commercial,2015,24-Aug-14,28-Dec-15,1-Sep-14
3986CA,RT,RT,CA,ET,CAI2277,ET ON AIR,ET Commercial,2015,17-Jun-15,30-Sep-15,1-Jul-15
4034CA,RT,RT,CA,ET,CAI2300,ET ON AIR,ET Commercial,2015,30-Oct-14,31-Jan-15,1-Dec-14
3991CA,RT,RT,CA,ET,CAI2616,ET ON AIR,ET Commercial,2014,25-Sep-14,11-Dec-14,1-Nov-14
3932CA,RT,RT,CA,ET,CAI2654,ET ON AIR,ET Commercial,2014,27-Mar-14,30-May-14,1-May-14
4147UP,GF,GF,Al,VF,2265,VF ON AIR,MN 27KVA,2016,12-Oct-15,6-Aug-16,1-Nov-15
0968AL,GF,GF,NC,VF,2308,VF ON AIR,MN Generator ,2016,4-Apr-16,19-Jul-16,1-May-16
4046CA,RT,RT,GZ,VF,678,VF ON AIR,VF Commercial,2015,31-Aug-15,30-Nov-15,1-Oct-15
4047CA,RT,RT,GZ,VF,1608,VF ON AIR,VF Commercial,2015,11-Nov-15,31-Dec-15,1-Dec-15
4333DE,RT,RT,DE,VF,4003,VF ON AIR,VF Commercial,2016,31-Oct-15,16-Aug-16,1-Dec-15
0639AL,GF,GF,NC,VF,2337,VF ON AIR,VF generator,2016,10-Jun-15,5-Apr-16,1-Jul-15
4029CA,RT,RT,CA,ET,CAI2760,ET ON AIR,ET Commercial,2015,28-Jun-14,18-Nov-15,1-Aug-14
4015CA,RT,RT,CA,ET,CAI2792,ET ON AIR,ET commercial 31-8,2016,15-Feb-15,9-Feb-16,1-Mar-15
4201CA,RT,RT,CA,ET,CAI2029,ET ON AIR,ET Commercial,2015,7-Dec-14,1-Jan-15,1-Jan-15
3605DE,GF,GF,DE,ET,4412,ET on AIR,OR generator,2016,30-Sep-15,11-Oct-16,1-Nov-15
4054CA,RT,RT,CA,ET,CAI0491,ET ON AIR,ET Commercial,2015,23-Oct-14,10-Feb-15,1-Nov-14
4057CA,RT,RT,CA,VF,770,VF ON AIR,VF Commercial,2014,30-Oct-14,22-Dec-14,1-Nov-14
4016CA,RT,RT,CA,ET,CAI2813,ET ON AIR,ET Commercial,2014,22-Jun-14,21-Dec-14,1-Jul-14
3747CA,RT,RT,CA,VF,K4109,VF ON AIR,VF Commercial,2014,10-Aug-14,10-Dec-14,1-Sep-14
3988CA,RT,RT,CA,ET,CAI2347,ET ON AIR,ET Commercial,2014,22-Sep-14,6-Dec-14,1-Oct-14
3417CA,RT,RT,CA,ET,CAI2103,ET ON AIR,ET Commercial,2015,10-Dec-14,19-May-15,1-Jan-15
0768CA,RT,RT,CA,ET,CAI1059,ET ON AIR,ET Commercial,2015,23-Mar-15,18-Aug-15,1-Jan-15
3422CA,RT,RT,CA,ET,CAI2981,ET ON AIR,ET Commercial,2014,4-May-14,31-Jul-14,1-Jun-14
4297DE,RT,RT,DE,VF,4141,VF ON AIR,VF Commercial,2016,10-May-15,8-May-16,1-Jun-15
3264CA,RT,RT,GZ,ET,CAI0531,ET ON AIR,ET Commercial,2015,2-Oct-14,26-Mar-15,1-Nov-14
4099CA,RT,RT,CA,ET,CAI1582,ET ON AIR,Owner Power,2015,17-May-15,22-Jul-15,1-Jun-15
0425CA,RT,RT,CA,VF,K5710,VF ON AIR,Owner Power,2014,13-Nov-14,22-Dec-14,1-Dec-14
3092DE,RT,RT,DE,VF,5527,VF ON AIR,VF Commercial,2015,23-Feb-15,2-Jun-15,1-Mar-15
4098DE,RT,RT,DE,VF,D3142,VF ON AIR,VF Commercial,2015,23-Feb-15,30-Nov-15,1-Mar-15
4171CA,RT,RT,CA,VF,324,VF ON AIR,VF Commercial,2015,23-Mar-15,18-Aug-15,1-Apr-15
3517CA,RT,RT,CA,ET,CAI1600,ET ON AIR,ET Commercial,2015,23-Mar-15,31-Oct-15,1-Apr-16
4001CA,RT,RT,CA,ET,CAI2715,ET ON AIR,ET Commercial,2014,2-Oct-14,24-Dec-14,1-Nov-14
4083UP,RT,RT,UP,ET,5099,ET ON AIR,ET Commercial,2016,10-May-16,24-Oct-16,1-Jun-16
4099UP,RT,RT,UP,ET,5081,ET ON AIR,ET Commercial,2015,30-Apr-15,29-Jul-15,1-Jun-15
4093UP,RT,RT,UP,ET,5632,ET ON AIR,ET Commercial,2016,10-May-16,9-Oct-16,1-Jun-16
4187UP,GF,GF,UP,ET,5669,ET ON AIR,ET Commercial,2016,24-May-16,29-Aug-16,1-Jun-16
3985DE,GF,GF,DE,VF,4715,VF ON AIR,VF Commercial,2016,12-Oct-15,13-Mar-16,1-Nov-15
4073UP,RT,RT,UP,VF,U4413,VF ON AIR,VF Commercial,2015,24-Feb-15,30-Jun-15,1-Mar-15
4090UP,RT,RT,UP,VF,3449,VF ON AIR,VF Commercial,2015,3-Nov-14,8-Feb-15,1-Dec-14
4094UP,RT,RT,UP,VF,U4406,VF ON AIR,VF Commercial,2014,16-Nov-14,23-Dec-14,1-Dec-14
4095UP,RT,RT,UP,VF,U4893,VF ON AIR,VF Commercial,2014,13-Nov-14,31-Dec-14,1-Dec-14
4138UP,RT,RT,UP,VF,6468,VF ON AIR,VF Commercial,2015,10-Aug-15,31-Oct-15,1-Sep-15
4136UP,RT,RT,UP,VF,3319,VF ON AIR,VF Commercial,2015,10-Aug-15,23-Nov-15,1-Sep-15
4139UP,RT,RT,UP,VF,3246,VF ON AIR,VF Commercial,2015,10-Aug-15,20-Dec-15,1-Sep-15
0491RE,RT,RT,RE,VF,4152,VF ON AIR,VF Commercial,2016,13-Sep-15,18-Jan-16,1-Oct-15
0497RE,RT,RT,RE,VF,R2592,VF ON AIR,VF Commercial,2015,7-Sep-15,31-Oct-15,1-Oct-15
0498RE,RT,RT,RE,VF,R2565,VF ON AIR,VF Commercial,2015,5-Aug-15,30-Dec-15,1-Sep-15
3009AL,GF,GF,NC,VF,4470,VF ON AIR,MN Generator ,2016,17-Feb-16,20-Jul-16,1-Mar-16
0115DE,RT,RT,DE,VF,5669,VF ON AIR,VF Commercial,2016,21-Jul-15,7-Apr-16,1-Aug-15
4319DE,GF,GF,DE,VF,4921,VF ON AIR,VF EC +VF GEN,2015,16-Nov-14,29-Apr-15,1-Jan-14
4166UP,RT,RT,UP,ET,5779,ET on AIR,ET commercial,2016,13-Apr-16,31-Aug-16,1-May-15
3982CA,RT,RT,CA,ET,CAI2877,ET ON AIR,ET Commercial,2015,25-Sep-14,18-Jan-15,1-Oct-14
3980CA,RT,RT,CA,ET,CAI2796,ET ON AIR,ET Commercial,2014,16-Nov-14,31-Dec-14,1-Dec-14
3981CA,RT,RT,CA,ET,CAI0143,ET ON AIR,Owner Power,2014,4-Sep-14,30-Dec-14,1-Oct-14
3207UP,GF,GF,UP,ET,1107,ET ON AIR,ET Commercial,2015,3-Dec-14,30-Mar-15,1-Jan-15
4292DE,GF,GF,DE,VF,4637,VF ON AIR,VF Commercial,2015,14-Dec-14,30-Mar-15,1-Jan-15
4178CA,RT,RT,GZ,VF,K4110,VF ON AIR,VF Commercial,2015,22-Feb-15,30-Apr-15,1-Mar-15
3160DE,RT,RT,DE,ET,CAI0709,ET ON AIR,ET Commercial,2016,21-Oct-15,5-Aug-16,1-Nov-15
3227DE,RT,RT,DE,ET,CAI1385,ET ON AIR,ET Commercial,2016,30-Sep-15,19-Jul-16,1-Nov-15
4061UP,RT,RT,GZ,ET,CAI3512,ET ON AIR,ET Commercial,2015,16-Nov-14,19-Feb-15,1-Dec-14
0894DE,GF,GF,DE,ET,CAI1181,ET ON AIR,ET Commercial,2015,10-Feb-15,3-Mar-15,1-Mar-15
4081DE,GF,GF,DE,VF,5993,VF ON AIR,MN 27KVA,2014,18-Nov-14,21-Dec-14,1-Dec-14
3673DE,RT,RT,DE,VF,6315,VF ON AIR,VF Commercial,2015,16-Nov-14,22-Oct-15,1-Dec-14
4299DE,RT,RT,DE,VF,5693,VF ON AIR,VF Commercial,2015,1-Feb-15,26-May-15,1-Mar-15
0900DE,RT,RT,DE,VF,4773,VF ON AIR,VF Commercial,2015,23-Feb-15,31-Jul-15,1-Mar-15
4178UP,RT,RT,UP,ET,5207,ET on AIR,ET Commercial,2016,6-Apr-16,4-Dec-16,1-May-15
3905CA,RT,RT,GZ,ET,CAI2033,ET ON AIR,Owner Power,2015,5-Mar-15,15-Sep-15,1-Apr-15
3101DE,RT,RT,DE,VF,4610,VF oN AIR,VF Commercial,2016,13-Jan-16,1-Sep-16,1-Feb-16
3765CA,RT,RT,GZ,ET,CAI0279,ET ON AIR,ET Commercial,2015,9-Jun-15,30-Nov-15,1-Jul-15
4274DE,RT,RT,DE,ET,CAI0158,ET ON AIR,ET Commercial,2016,29-Sep-15,4-Aug-16,1-Nov-15
0647CA,GF,GF,CA,VF,405,VF ON AIR,MN Commercial,2015,3-Feb-15,26-May-15,1-Mar-15
4103DE,RT,RT,DE,VF,4655,VF ON AIR,VF Commercial,2016,21-Oct-15,31-Aug-16,1-Nov-15
4039UP,RT,RT,OCT,VF,K2056,VF ON AIR,VF Commercial,2016,20-Dec-15,6-Mar-16,1-Jan-16
4307DE,RT,RT,DE,ET,4206,ET ON AIR,ET Commercial,2015,30-Apr-15,30-Nov-15,1-Jun-16
4197CA,RT,RT,CA,ET,CAI2843,ET ON AIR,ET Commercial,2015,5-Aug-15,25-Nov-15,1-Sep-15
4190CA,RT,RT,CA,ET,CAI1416,ET ON AIR,ET Commercial,2015,17-May-15,31-Jul-15,1-Jun-15
4196CA,GF,GF,Obr,VF,K3222,VF ON AIR,VF Commercial,2016,27-Oct-15,10-Jan-16,1-Dec-15
4020UP,GF,GF,UP,VF,U3724,VF ON AIR,VF Generator,2015,28-May-15,26-Oct-15,1-Jul-15
4021UP,GF,GF,UP,VF,U3725,VF ON AIR,MN 27KVA,2015,28-May-15,28-Dec-15,1-Jul-15
4022UP,GF,GF,UP,VF,U3726,VF ON AIR,VF Generator,2015,28-May-15,30-Nov-15,1-Jul-15
4023UP,GF,GF,UP,VF,U3727,VF ON AIR,VF Generator,2015,28-May-15,30-Nov-15,1-Jul-15
4024UP,GF,GF,UP,VF,U3728,VF ON AIR,VF Generator,2015,28-May-15,30-Nov-15,1-Jul-15
3557DE,GF,GF,DE,VF,5553,VF ON AIR,MN 27 KVA,2016,27-Aug-15,14-Sep-16,1-Oct-15
3011CA,RT,RT,CA,ET,CAI0771,ET ON AIR,ET Commercial,2015,17-Jun-15,31-Oct-15,1-Jul-15
3928UP,RT,RT,UP,ET,5322,ET ON AIR,ET Commercial,2016,9-Apr-16,31-Dec-16,1-May-15
4082CA,RT,RT,CA,VF,1853,VF ON AIR,VF Commercial,2015,5-May-15,30-Aug-15,1-Jun-15
3511UP,RT,RT,UP,ET,5887,ET on AIR,ET Commercial,2016,25-Nov-15,31-Dec-16,1-Jan-16
4231CA,RT,RT,CA,ET,CAI2358,ET ON AIR,MN 50KVA,2015,19-May-15,28-Oct-15,1-Jun-15
0797AL,GF,GF,NC,VF,2850,VF ON AIR,VF Commercial,2015,8-Mar-15,28-Jun-15,1-Apr-15
0664AL,GF,GF,NC,VF,2863,VF ON AIR,VF Commercial,2015,18-Feb-15,29-Apr-15,1-Mar-15
4098CA,RT,RT,CA,VF,K3354,VF ON AIR,VF Commercial,2016,31-Oct-15,7-Apr-16,1-Dec-15
4118CA,RT,RT,CA,ET,CAI2624,ET ON AIR,ET Commercial,2015,7-May-15,21-Oct-15,1-Jun-15
0694CA,RT,RT,CA,VF,K2049,VF ON AIR,Owner Power,2015,15-Mar-15,24-Jun-15,1-Apr-15
0926AL,GF,GF,AL,VF,4261,VF ON AIR,VF Commercial,2016,15-Jul-15,25-Feb-16,1-Aug-15
3631DE,GF,GF,DE,VF,5624,VF ON AIR,MN Generator,2016,13-Jan-16,25-Sep-16,1-Feb-16
0759AL,RT,RT,AL,VF,A6389,VF ON AIR,Owner Power,2015,27-Apr-15,30-Nov-15,1-Jun-15
4145UP,RT,RT,GZ,ET,CAI1808,ET ON AIR,MN 27 KVA,2015,19-May-15,30-Sep-15,1-Jun-15
4192CA,GF,GF,CA,ET,CAI0975,ET ON AIR,ET Genertator,2015,9-Jun-15,20-Sep-15,1-Jul-15
0563SI,RT,RT,SI,ET,6215,ET ON AIR,ET Genertator,2016,29-May-16,31-Dec-16,1-Jul-16
3931CA,RT,RT,CA,ET,CAI2316,ET ON AIR,ET Commercial,2015,16-Jul-15,12-Nov-15,1-Aug-15
4166CA,RT,RT,CA,VF,305,VF ON AIR,VF Commercial,2015,14-Sep-15,31-Dec-15,1-Oct-15
3958CA,RT,RT,CA,ET,CAI0024,ET on AIR,ET commercial,2016,18-Aug-16,13-Dec-16,1-Sep-16
4013CA,RT,RT,CA,ET,CAI2541,ET ON AIR,ET Commercial,2016,30-Apr-15,29-Jun-16,1-Jun-16
0776AL,GF,GF,AL,VF,A6530,VF ON AIR,Owner Power,2015,17-Mar-15,21-Oct-15,1-Apr-15
3506DE,RT,RT,DE,VF,5723,VF ON AIR,VF Commercial,2016,25-Oct-15,8-Sep-16,1-Dec-15
0861DE,RT,RT,DE,VF,5784,VF ON AIR,VF Commercial,2016,31-Oct-15,1-Sep-16,1-Dec-15
3906CA,GF,GF,CA,VF,6177,VF ON AIR,MN 27KVA,2015,17-Aug-15,21-Dec-15,1-Sep-15
4335DE,RT,RT,DE,VF,R2509,VF ON AIR,VF Commercial,2016,1-Jul-15,30-Jan-16,1-Aug-15
4073CA,GF,GF,New Cairo,ET,CAI1026,ET ON AIR,ET Commercial,2016,21-May-15,17-Apr-16,1-Jun-15
0835UP,RT,RT,GZ,ET,CAI0701,ET ON AIR,Owner Power,2015,30-Apr-15,31-Oct-15,1-Jun-16
0638AL,GF,GF,NC,VF,2291,VF ON AIR,VF Generator,2016,12-May-16,25-Jul-16,1-Jun-16
4263CA,RT,RT,CA,ET,CAI3534 ,ET ON AIR,,2016,13-Apr-16,4-Oct-16,1-May-15
4172UP,GF,GF,OCT,VF,6070,VF ON AIR,VF 50KVA,2016,7-Feb-16,18-Apr-16,1-Mar-16
4089CA,RT,RT,CA,VF,6132,VF ON AIR,VF Commercial,2016,31-Oct-15,6-Sep-16,1-Dec-15
0086RE,GF,GF,RE,VF,3521,VF ON AIR,OR Generator ,2016,17-Aug-16,3-Dec-16,1-Sep-16
0509RE,GF,GF,RE,VF,3526,VF ON AIR,VF Commercial,2016,9-Jun-16,30-Oct-16,1-Jul-16
4127CA,RT,RT,CA,VF,6153,VF ON AIR,VF Commercial,2016,23-Feb-16,9-Nov-16,1-Mar-16
4090CA,RT,RT,CA,ET,CAI2820,ET ON AIR,ET Commercial,2015,17-May-15,29-Sep-15,1-Jun-15
3572UP,RT,RT,OCT,VF,6226,VF ON AIR,VF Commercial,2016,1-Oct-15,1-Jun-16,1-Nov-15
4113UP,GF,GF,OCT,VF,6235,VF ON AIR,VF Commercial,2016,21-Sep-15,28-Dec-16,1-Oct-15
4084CA,RT,RT,CA,VF,K3506,VF ON AIR,VF Commercial,2015,21-Oct-15,31-Dec-15,1-Nov-15
3306UP,RT,RT,OCT,VF,6278,VF ON AIR,VF Commercial,2016,20-Dec-15,25-May-16,1-Jan-16
3087DE,GF,GF,DE,ET,4633,ET ON AIR,MN 27 KVA,2015,5-Apr-15,20-Sep-15,1-May-15
4250CA,RT,RT,CA,ET,CAI0162,ET ON AIR,ET Commercial,2015,7-May-15,13-Oct-15,1-Jun-15
4212CA,GF,GF,obr,ET,CAI0357,ET ON AIR,Owner Power,2016,21-Oct-15,25-May-16,1-Nov-15
4163CA,RT,RT,CA,ET,CAI0609,ET ON AIR,ET Commercial,2015,17-Jun-15,30-Nov-15,1-Jul-15
3971CA,RT,RT,CA,ET,CAI1435,ET ON AIR,ET Commercial,2015,17-May-15,30-Sep-15,1-Jun-15
4149CA,RT,RT,CA,ET,CAI2050,ET ON AIR,Owner Power,2015,17-Jun-15,27-Dec-15,1-Jul-15
0480SI,RT,RT,SI,ET,1305,ET ON AIR,ET Commercial,2016,21-Oct-15,2-Mar-16,1-Nov-15
0819DE,GF,GF,DE,ET,4882,ET ON AIR,ET commerial,2016,3-Nov-16,31-Dec-16,1-Dec-16
3666UP,GF,GF,UP,ET,5935,ET ON AIR,ET commercial,2016,28-Oct-15,30-Mar-16,1-Dec-15
0935AL,GF,GF,NC,VF,4101,VF ON AIR,MN 27KVA,2015,22-Jun-15,28-Oct-15,1-Jul-15
0948AL,GF,GF,NC,VF,4267,VF ON AIR,MN 27KVA,2015,25-May-15,31-Aug-15,1-Jun-15
4339DE,GF,GF,DE,ET,3741,ET ON AIR,ET Commercial,2016,10-Nov-15,6-Aug-16,1-Dec-15
4338DE,GF,GF,DE,ET,3759,ET ON AIR,MN 27KVA,2016,7-May-15,7-Apr-16,1-Jun-15
3969CA,RT,RT,CA,ET,CAI0985,ET ON AIR,ET Commercial,2015,21-May-15,17-Nov-15,1-Jun-15
4037UP,RT,RT,OCT,VF,6241,VF ON AIR,VF Commercial,2016,25-May-16,29-Aug-16,1-Jul-16
0500RE,GF,RT,RE,VF,R2866,VF ON AIR,VF Commercial,2016,17-Nov-15,10-Mar-16,1-Dec-15
0870AL,GF,GF,NC,VF,A6405,VF ON AIR,MN 27KVA Gen,2016,16-Feb-16,21-Jun-16,1-Mar-16
0931AL,GF,GF,AL,VF,A6544,VF ON AIR,Owner Power,2016,14-Mar-16,28-Jun-16,1-Apr-16
4213CA,GF,GF,CA,ET,CAI0384,ET ON AIR,Owner Power,2015,5-Mar-15,19-Aug-15,1-Apr-15
7076AL,RT,RT,AL,ET,3333,ET TX Rep ON AIR,TX REPEATER,2015,15-Mar-15,15-Mar-15,15-Mar-15
0950AL,RT,RT,AL,VF,2107,VF ON AIR,Owner Power,2015,9-Apr-15,11-May-15,1-May-15
4376DE,RT,RT,DE,VF,D7424,VF ON AIR,VF Commercial,2015,31-Oct-15,31-Dec-15,1-Dec-15
4377DE,RT,RT,DE,VF,5855,VF ON AIR,VF Commercial,2015,30-Sep-15,31-Dec-15,1-Nov-15
4345DE,GF,GF,DE,ET,3742,ET ON AIR,ET commercial 17-2,2016,17-May-15,9-Jun-16,1-Jun-15
3902UP,RT,RT,UP,ET,2122,ET ON AIR,Owner Power,2015,9-Jun-15,31-Jul-15,1-Jul-15
0832AL,RT,RT,AL,ET,3149,ET ON AIR,,2016,17-May-15,28-Jan-16,1-Jun-15
0937AL,GF,GF,AL,VF,4125,VF ON AIR,VF Commercial,2015,20-Aug-15,30-Nov-15,1-Sep-15
4121UP,GF,GF,UP,ET,1981,ET ON AIR,ET commercial,2016,21-Oct-15,15-Feb-16,1-Nov-15
4353DE,GF,GF,DE,VF,D3711,VF ON AIR,VF commerial,2016,20-Jan-16,1-Aug-16,1-Feb-16
0696CA,RT,RT,CA,ET,CAI0453,ET ON AIR,Owner Power,2016,9-Jun-16,3-Nov-16,1-Jul-16
4364DE,RT,RT,DE,VF,D3993,VF ON AIR,Orange PM,2016,26-Jan-16,17-Nov-16,1-Mar-16
0562SI,GF,GF,SI,ET,6351,ET ON AIR,ET Commercial,2016,3-Dec-15,1-Sep-16,1-Jan-16
4049CA,RT,RT,GZ,VF,K2013,VF ON AIR,VF Commercial,2016,30-Nov-15,4-May-16,1-Jan-16
4074CA,RT,RT,CA,ET,CAI0747,ET ON AIR,power owner,2016,9-Jun-16,15-Nov-16,1-Jul-16
0959AL,GF,GF,AL,VF,4415,VF ON AIR,MN 27KVA,2015,19-Aug-15,31-Dec-15,1-Sep-15
4033CA,RT,RT,CA,ET,CAI1297,ET ON AIR,Owner Power,2016,9-Mar-16,10-Oct-16,1-Apr-16
4187DE,RT,RT,DE,VF,D7340,VF ON AIR,owner power,2016,3-Oct-16,31-Dec-16,1-Nov-16
4061CA,RT,RT,New Cairo,VF,K2095,VF ON AIR,MN Generator ,2016,5-Jan-16,17-Apr-16,1-Feb-16
3763CA,GF,GF,CA,ET,CAI0438,ET ON AIR,ET Generator,2015,1-Sep-15,30-Sep-15,1-Oct-15
4083CA,RT,RT,CA,VF,K2433,VF ON AIR,VF Commercial,2016,2-Mar-16,14-Aug-16,1-Apr-16
3657CA,GF,GF,GZ,VF,K2585,VF ON AIR,VF Commercial,2016,1-Oct-15,14-Aug-16,1-Nov-15
4050UP,RT,RT,CA,VF,K3147,VF ON AIR,VF Commercial,2016,25-Feb-16,7-Sep-16,1-Apr-16
4312CA,GF,GF,GZ,ET,CAI4106,ET ON AIR,ET Generator,2015,30-Sep-15,30-Dec-15,1-Nov-15
0670CA,GF,GF,CA,ET,CAI1759,ET ON AIR,ET Generator ,2016,20-Sep-16,31-Dec-16,1-Oct-16
4095DE,GF,GF,DE,ET,920,ET ON AIR,ET generator,2016,25-Nov-15,27-Sep-16,1-Jan-16
3972CA,RT,RT,CA,VF,K3840,VF ON AIR,VF commercial,2016,14-Mar-16,14-Aug-16,1-Apr-16
4030UP,GF,GF,OCT,VF,J2035 ,VF ON AIR,VF Commercial,2016,21-Jun-16,18-Oct-16,1-Jul-16
0557UP,GF,GF,UP,VF,3144,VF RD ON AIR,VF Commercial,2012,27-Sep-12,18-Dec-12,1-Nov-12
0769CA,RT,RT,GZ,VF,K3950,VF ON AIR,owner power,2016,14-Mar-16,14-Jul-16,1-Apr-16
4237CA,RT,RT,GZ,VF,K4187,VF ON AIR,VF Commercial,2016,8-Nov-15,4-May-16,1-Dec-15
4331CA,RT,RT,CA,VF,K4927,VF oN AIR,VF Commercial,2016,18-Jan-16,24-May-16,1-Feb-16
0889CA,GF,GF,CA,VF,K5398,VF ON AIR,VF generator,2016,30-Jun-15,4-May-16,1-Aug-15
3465DE,GF,GF,DE,ET,1421,ET ON AIR,"MN 27KVA, ET commerial 22-6-2016",2016,25-Nov-15,4-May-16,1-Jan-16
4348CA,RT,RT,CA,ET,CAI2312,ET ON AIR,ET Commercial,2016,23-Oct-16,31-Dec-16,1-Nov-16
0499RE,RT,RT,RE,VF,R2596,VF ON AIR,VF Commercial,2016,7-Apr-16,15-Aug-16,1-May-16
4274CA,RT,RT,CA,VF,K3128,VF ON AIR,VF Commercial,2016,7-Aug-16,22-Dec-16,1-Sep-16
4372CA,GF,GF,CA,ET,CAI1878,ET ON AIR,ET Generator ,2016,27-Sep-16,31-Dec-16,1-Nov-16
0761CA,RT,RT,CA,VF,K3817,VF ON AIR,,2017,25-Aug-16,30-Mar-17,1-Oct-17
0107DE,GF,GF,DE,ET,2784,ET ON AIR,Owner Power,2016,21-Oct-15,27-Jul-16,1-Nov-15
0723CA,RT,RT,CA,ET,CAI1414,ET ON AIR,ET Commercial,2016,7-May-15,22-Mar-16,1-Jun-15
0297SI,GF,GF,SI,ET,6286,ET ON AIR,Owner Power,2016,7-Dec-15,15-Feb-16,1-Jan-16
0354CA,RT,RT,CA,ET,CAI1700,ET ON AIR,ET Commercial,2015,5-Mar-15,25-Nov-15,1-Apr-15
4069UP,RT,RT,UP,VF,U4734,VF ON AIR,VF Commercial,2016,24-Feb-15,7-Apr-16,1-Mar-15
3239CA,RT,RT,CA,VF,k5047,VF ON AIR,VF Commercial,2015,30-Jul-15,30-Nov-15,1-Sep-15
4352CA,RT,RT,CA,VF,K3824,VF ON AIR,Owner Power,2016,8-Aug-16,31-Dec-16,1-Sep-16
0165RE,RT,RT,RE,ET,6180,ET ON AIR,Owner Power,2015,23-Aug-15,31-Aug-15,1-Sep-15
3135DE,GF,GF,DE,ET,4327,ET ON AIR,ET Commercial,2016,10-Nov-15,19-Sep-16,1-Dec-15
0568CA,GF,GF,CA,ET,CAI2861,ET ON AIR,ET Commercial,2016,20-Oct-16,31-Dec-16,1-Nov-16
0219SI,GF,GF,SI,ET,6160,ET ON AIR,ET commercial 31-8,2016,2-Dec-15,9-Feb-16,1-Jan-16
4103UP,GF,GF,UP,VF,U4371,VF ON AIR,VF Commercial,2016,14-Apr-16,29-Aug-16,1-May-16
4358CA,RT,RT,CA,VF,K3832,VF ON AIR,VF commerial,2016,17-Aug-16,7-Nov-16,1-Sep-16
0487RE,RT,RT,RE,VF,R2734,VF ON AIR,VF commercial,2016,23-May-16,25-Sep-16,1-Jun-16
4023CA,RT,RT,CA,ET,CAI2542,ET ON AIR,,2017,23-Mar-15,2-Apr-17,1-Apr-16
0489RE,RT,RT,RE,VF,R2894,VF oN AIR,Owner Power,2016,23-May-16,11-Oct-16,1-Jun-16
0640CA,RT,RT,CA,VF,1760,VF ON AIR,Owner Power,2016,17-Aug-16,26-Dec-16,1-Sep-16
0212UP,GF,GF,OCT,VF,788, VF ON AIR,,2017,28-Dec-16,1-Apr-17,1-Feb-17
0284CA,RT,RT,CA,ET,CAI2574,ET ON AIR,ET Commercial,2016,10-Aug-16,31-Dec-16,1-Sep-16
0511RE,GF,GF,RE,ET,748,ET ON AIR,ET Generator,2016,17-Apr-16,5-Jul-16,1-May-15
0513RE,GF,GF,RE,ET,6502,ET ON AIR,ET Generator,2016,17-Apr-16,15-Aug-16,1-May-15
0890DE,RT,RT,DE,VF,4754,VF ON AIR,owner power,2008,2-Dec-08,29-Dec-08,1-Jan-09
0364RE,RT,RT,RE,ET,R2563,VF ON AIR,Owner Power,2016,24-Oct-16,31-Dec-16,1-Nov-16
4214UP,RT,RT,UP,VF,U5056,VF ON AIR,Owner Power,2016,1-Dec-16,31-Dec-16,1-Jan-17
0975AL,GF,GF,Al,VF,A6406,VF ON AIR,VF Generator ,2016,5-Jul-16,2-Aug-16,1-Aug-16
M0015RE,GF,GF,RE,ET,696,ET ON AIR,ET Generator ,2016,18-Jun-16,6-Jul-16,1-Jul-16
7137RE,GF,GF,RE,VF,X2036,VF ON AIR,VF Generator ,2016,18-Jun-16,6-Jul-16,1-Jul-16
4402CA,RT,RT,CA,VF,K3588 ,VF ON AIR,,2016,25-Jul-16,25-Jul-16,1-Sep-16
3012AL,GF,GF,Al,VF,A6701,VF ON AIR,,9-Jul-05,25-Sep-16,29-Mar-17,1-Nov-16
4232UP,GF,GF,GZ,ET,CAI3080,ET ON AIR,,2017,9-Aug-16,2-Apr-17,1-Sep-16
M0016UP,GF,GF,UP,ET,196,ET ON AIR,ET genertor,2016,31-Aug-16,27-Sep-16,1-Oct-16
M0015UP,GF,GF,UP,VF,X5012,VF ON AIR,VF Genetator,2016,31-Aug-16,24-Oct-16,1-Nov-16
3017DE,RT,,DE,VF,5890,VF ON AIR,,2009,19-Dec-09,29-Jun-09,1-Jan-10
